tagid,wave,session_date
TAG001,wave_1_scheduling_arm_1,1/13/16
TAG001,wave_2_scheduling_arm_1,7/22/17
TAG001,wave_3_scheduling_arm_1,1/17/19
TAG001,wave_4_scheduling_arm_1,1/11/21
TAG002,wave_1_scheduling_arm_1,1/8/16
TAG002,wave_2_scheduling_arm_1,7/27/17
TAG002,sos_arm_1,3/7/20
TAG002,wave_3_scheduling_arm_1,1/2/19
TAG002,wave_4_scheduling_arm_1,1/7/21
TAG003,wave_1_scheduling_arm_1,8/15/16
TAG003,wave_2_scheduling_arm_1,3/5/18
TAG003,sos_arm_1,2/3/19
TAG003,wave_3_scheduling_arm_1,8/28/19
TAG004,wave_1_scheduling_arm_1,1/12/16
TAG004,wave_2_scheduling_arm_1,7/12/17
TAG004,wave_3_scheduling_arm_1,1/7/19
TAG005,wave_1_scheduling_arm_1,10/14/16
TAG005,wave_2_scheduling_arm_1,4/16/18
TAG005,sos_arm_1,4/5/20
TAG005,wave_3_scheduling_arm_1,9/30/19
TAG006,wave_1_scheduling_arm_1,6/14/16
TAG007,wave_1_scheduling_arm_1,6/22/16
TAG007,wave_2_scheduling_arm_1,1/16/18
TAG007,sos_arm_1,11/3/18
TAG007,wave_3_scheduling_arm_1,7/24/19
TAG008,wave_1_scheduling_arm_1,1/18/16
TAG008,wave_2_scheduling_arm_1,7/25/17
TAG008,wave_3_scheduling_arm_1,1/12/19
TAG008,wave_4_scheduling_arm_1,1/8/21
TAG009,wave_1_scheduling_arm_1,9/30/16
TAG009,wave_2_scheduling_arm_1,4/27/18
TAG009,sos_arm_1,4/4/20
TAG009,wave_3_scheduling_arm_1,10/16/19
TAG010,wave_1_scheduling_arm_1,7/23/16
TAG010,wave_2_scheduling_arm_1,2/17/18
TAG010,wave_3_scheduling_arm_1,8/10/19
TAG010,wave_4_scheduling_arm_1,5/1/21
TAG011,wave_1_scheduling_arm_1,7/14/16
TAG011,wave_2_scheduling_arm_1,3/9/18
TAG011,wave_3_scheduling_arm_1,9/4/19
TAG011,wave_4_scheduling_arm_1,9/25/21
TAG012,wave_1_scheduling_arm_1,2/25/17
TAG013,wave_1_scheduling_arm_1,2/15/16
TAG014,wave_1_scheduling_arm_1,12/10/16
TAG014,wave_2_scheduling_arm_1,7/9/18
TAG014,wave_3_scheduling_arm_1,12/17/19
TAG015,wave_1_scheduling_arm_1,4/24/16
TAG015,wave_2_scheduling_arm_1,3/29/18
TAG015,wave_3_scheduling_arm_1,11/30/19
TAG016,wave_1_scheduling_arm_1,2/20/16
TAG016,wave_2_scheduling_arm_1,9/21/17
TAG016,wave_3_scheduling_arm_1,3/21/19
TAG016,wave_4_scheduling_arm_1,2/12/21
TAG017,wave_1_scheduling_arm_1,12/3/16
TAG017,wave_2_scheduling_arm_1,7/30/18
TAG017,sos_arm_1,5/19/19
TAG017,wave_3_scheduling_arm_1,2/16/20
TAG018,wave_1_scheduling_arm_1,1/15/16
TAG018,wave_2_scheduling_arm_1,10/18/17
TAG018,wave_3_scheduling_arm_1,7/31/19
TAG019,wave_1_scheduling_arm_1,1/22/16
TAG019,wave_2_scheduling_arm_1,9/11/17
TAG019,sos_arm_1,12/1/18
TAG019,wave_3_scheduling_arm_1,4/12/19
TAG019,wave_4_scheduling_arm_1,1/12/21
TAG020,wave_1_scheduling_arm_1,1/21/16
TAG020,wave_2_scheduling_arm_1,8/22/17
TAG020,sos_arm_1,11/18/18
TAG020,wave_3_scheduling_arm_1,3/1/19
TAG020,wave_4_scheduling_arm_1,1/20/21
TAG022,wave_1_scheduling_arm_1,1/28/16
TAG022,wave_2_scheduling_arm_1,8/22/17
TAG022,wave_3_scheduling_arm_1,2/18/19
TAG022,wave_4_scheduling_arm_1,4/12/21
TAG023,wave_1_scheduling_arm_1,12/14/15
TAG023,wave_2_scheduling_arm_1,10/9/17
TAG024,wave_1_scheduling_arm_1,6/27/17
TAG024,wave_2_scheduling_arm_1,11/8/18
TAG024,sos_arm_1,7/23/19
TAG024,wave_3_scheduling_arm_1,1/27/21
TAG025,wave_1_scheduling_arm_1,1/25/16
TAG026,wave_1_scheduling_arm_1,2/5/16
TAG026,wave_2_scheduling_arm_1,8/1/17
TAG026,wave_3_scheduling_arm_1,1/4/19
TAG026,wave_4_scheduling_arm_1,1/13/21
TAG027,wave_1_scheduling_arm_1,6/27/16
TAG027,wave_2_scheduling_arm_1,1/11/18
TAG027,sos_arm_1,1/20/19
TAG027,wave_3_scheduling_arm_1,7/10/19
TAG028,wave_1_scheduling_arm_1,1/18/16
TAG028,wave_2_scheduling_arm_1,1/23/18
TAG028,wave_3_scheduling_arm_1,8/22/19
TAG029,wave_1_scheduling_arm_1,12/3/16
TAG030,wave_1_scheduling_arm_1,1/29/16
TAG030,wave_2_scheduling_arm_1,7/19/17
TAG030,sos_arm_1,10/6/18
TAG030,wave_3_scheduling_arm_1,2/18/19
TAG030,wave_4_scheduling_arm_1,4/6/21
TAG032,wave_1_scheduling_arm_1,1/23/16
TAG032,wave_2_scheduling_arm_1,1/19/18
TAG032,sos_arm_1,2/10/19
TAG032,wave_3_scheduling_arm_1,8/2/19
TAG032,wave_4_scheduling_arm_1,8/13/21
TAG033,wave_1_scheduling_arm_1,2/6/16
TAG033,wave_2_scheduling_arm_1,8/14/17
TAG033,sos_arm_1,4/11/20
TAG033,wave_3_scheduling_arm_1,3/26/19
TAG033,wave_4_scheduling_arm_1,2/8/21
TAG034,wave_1_scheduling_arm_1,2/26/16
TAG034,wave_2_scheduling_arm_1,9/12/17
TAG034,sos_arm_1,11/10/18
TAG034,wave_3_scheduling_arm_1,3/14/19
TAG034,wave_4_scheduling_arm_1,2/10/21
TAG035,wave_1_scheduling_arm_1,1/29/16
TAG035,wave_2_scheduling_arm_1,8/4/17
TAG035,wave_3_scheduling_arm_1,1/31/19
TAG036,wave_1_scheduling_arm_1,3/23/16
TAG036,wave_2_scheduling_arm_1,1/22/18
TAG036,wave_3_scheduling_arm_1,7/23/19
TAG037,wave_1_scheduling_arm_1,2/5/16
TAG037,wave_2_scheduling_arm_1,9/19/17
TAG037,sos_arm_1,3/22/20
TAG037,wave_3_scheduling_arm_1,3/28/19
TAG037,wave_4_scheduling_arm_1,2/4/21
TAG038,wave_1_scheduling_arm_1,7/26/16
TAG038,wave_2_scheduling_arm_1,3/2/18
TAG038,sos_arm_1,9/30/18
TAG038,wave_3_scheduling_arm_1,8/8/19
TAG039,wave_1_scheduling_arm_1,2/11/16
TAG040,wave_1_scheduling_arm_1,9/14/16
TAG040,wave_2_scheduling_arm_1,3/26/18
TAG040,sos_arm_1,2/16/19
TAG040,wave_3_scheduling_arm_1,9/25/19
TAG041,wave_1_scheduling_arm_1,4/6/16
TAG041,wave_2_scheduling_arm_1,11/13/17
TAG041,sos_arm_1,2/15/20
TAG041,wave_3_scheduling_arm_1,5/13/19
TAG041,wave_4_scheduling_arm_1,6/11/21
TAG042,wave_1_scheduling_arm_1,3/21/16
TAG042,wave_2_scheduling_arm_1,1/22/18
TAG042,wave_3_scheduling_arm_1,7/30/19
TAG042,wave_4_scheduling_arm_1,9/26/21
TAG044,wave_1_scheduling_arm_1,3/12/16
TAG044,wave_2_scheduling_arm_1,10/10/17
TAG044,wave_3_scheduling_arm_1,4/17/19
TAG044,wave_4_scheduling_arm_1,6/24/21
TAG045,wave_1_scheduling_arm_1,2/28/16
TAG045,wave_2_scheduling_arm_1,11/10/17
TAG045,sos_arm_1,2/2/19
TAG045,wave_3_scheduling_arm_1,7/16/19
TAG046,wave_1_scheduling_arm_1,8/31/16
TAG046,wave_2_scheduling_arm_1,3/15/18
TAG046,sos_arm_1,10/14/18
TAG046,wave_3_scheduling_arm_1,9/27/19
TAG046,wave_4_scheduling_arm_1,9/21/21
TAG047,wave_1_scheduling_arm_1,8/31/16
TAG047,wave_2_scheduling_arm_1,3/15/18
TAG047,sos_arm_1,10/14/18
TAG047,wave_3_scheduling_arm_1,9/18/19
TAG047,wave_4_scheduling_arm_1,9/24/21
TAG048,wave_1_scheduling_arm_1,11/12/16
TAG048,wave_2_scheduling_arm_1,6/2/18
TAG048,sos_arm_1,3/9/19
TAG048,wave_3_scheduling_arm_1,11/30/19
TAG049,wave_1_scheduling_arm_1,8/21/16
TAG049,wave_2_scheduling_arm_1,2/22/18
TAG049,wave_3_scheduling_arm_1,8/26/19
TAG049,wave_4_scheduling_arm_1,6/16/21
TAG050,wave_1_scheduling_arm_1,3/18/16
TAG050,wave_2_scheduling_arm_1,10/27/17
TAG050,sos_arm_1,11/11/18
TAG050,wave_3_scheduling_arm_1,4/15/19
TAG050,wave_4_scheduling_arm_1,3/4/21
TAG051,wave_1_scheduling_arm_1,2/24/16
TAG051,wave_2_scheduling_arm_1,9/22/17
TAG051,wave_3_scheduling_arm_1,3/29/19
TAG052,wave_1_scheduling_arm_1,2/27/16
TAG052,wave_2_scheduling_arm_1,10/13/17
TAG052,sos_arm_1,3/29/20
TAG052,wave_3_scheduling_arm_1,7/19/19
TAG052,wave_4_scheduling_arm_1,9/9/21
TAG053,wave_1_scheduling_arm_1,5/10/16
TAG053,wave_2_scheduling_arm_1,11/17/17
TAG053,sos_arm_1,12/19/18
TAG053,wave_3_scheduling_arm_1,5/31/19
TAG054,wave_1_scheduling_arm_1,3/23/16
TAG054,wave_2_scheduling_arm_1,10/20/17
TAG054,wave_3_scheduling_arm_1,6/7/19
TAG055,wave_1_scheduling_arm_1,3/2/16
TAG055,wave_2_scheduling_arm_1,9/27/17
TAG055,sos_arm_1,3/1/20
TAG055,wave_3_scheduling_arm_1,4/29/19
TAG056,wave_1_scheduling_arm_1,7/27/16
TAG056,wave_2_scheduling_arm_1,2/23/18
TAG056,wave_3_scheduling_arm_1,8/21/19
TAG057,wave_1_scheduling_arm_1,3/7/16
TAG057,wave_2_scheduling_arm_1,9/21/17
TAG057,sos_arm_1,10/27/18
TAG057,wave_3_scheduling_arm_1,3/26/19
TAG057,wave_4_scheduling_arm_1,1/19/21
TAG058,wave_1_scheduling_arm_1,3/4/16
TAG058,wave_2_scheduling_arm_1,11/2/17
TAG058,wave_3_scheduling_arm_1,5/9/19
TAG058,wave_4_scheduling_arm_1,6/8/21
TAG059,wave_1_scheduling_arm_1,4/29/16
TAG059,wave_2_scheduling_arm_1,11/22/17
TAG059,sos_arm_1,12/23/18
TAG059,wave_3_scheduling_arm_1,6/20/19
TAG060,wave_1_scheduling_arm_1,3/12/16
TAG060,wave_2_scheduling_arm_1,10/7/17
TAG060,sos_arm_1,1/3/19
TAG060,wave_3_scheduling_arm_1,4/11/19
TAG060,wave_4_scheduling_arm_1,6/9/21
TAG062,wave_1_scheduling_arm_1,7/18/16
TAG062,wave_2_scheduling_arm_1,2/19/18
TAG062,sos_arm_1,1/4/19
TAG062,wave_3_scheduling_arm_1,8/26/19
TAG062,wave_4_scheduling_arm_1,6/15/21
TAG063,wave_1_scheduling_arm_1,7/2/16
TAG064,wave_1_scheduling_arm_1,4/5/16
TAG064,wave_2_scheduling_arm_1,11/8/17
TAG064,wave_3_scheduling_arm_1,5/22/19
TAG065,wave_1_scheduling_arm_1,4/5/16
TAG065,wave_2_scheduling_arm_1,11/13/17
TAG065,wave_3_scheduling_arm_1,6/4/19
TAG065,wave_4_scheduling_arm_1,8/18/21
TAG066,wave_1_scheduling_arm_1,4/23/16
TAG066,wave_2_scheduling_arm_1,11/19/17
TAG066,wave_3_scheduling_arm_1,6/22/19
TAG067,wave_1_scheduling_arm_1,4/23/16
TAG067,wave_2_scheduling_arm_1,8/23/17
TAG067,wave_3_scheduling_arm_1,3/26/19
TAG068,wave_1_scheduling_arm_1,11/23/16
TAG068,wave_2_scheduling_arm_1,7/9/18
TAG068,sos_arm_1,3/3/19
TAG068,wave_3_scheduling_arm_1,12/2/19
TAG069,wave_1_scheduling_arm_1,4/30/16
TAG069,wave_2_scheduling_arm_1,10/21/17
TAG069,sos_arm_1,2/29/20
TAG069,wave_3_scheduling_arm_1,4/13/19
TAG069,wave_4_scheduling_arm_1,2/23/21
TAG070,wave_1_scheduling_arm_1,5/6/16
TAG070,wave_2_scheduling_arm_1,2/2/18
TAG070,wave_3_scheduling_arm_1,10/28/19
TAG071,wave_1_scheduling_arm_1,8/15/16
TAG071,wave_2_scheduling_arm_1,2/26/18
TAG071,wave_3_scheduling_arm_1,8/23/19
TAG071,wave_4_scheduling_arm_1,8/4/21
TAG072,wave_1_scheduling_arm_1,5/12/17
TAG072,wave_2_scheduling_arm_1,11/9/18
TAG072,wave_3_scheduling_arm_1,3/13/21
TAG073,wave_1_scheduling_arm_1,6/21/16
TAG073,wave_2_scheduling_arm_1,11/27/17
TAG073,wave_3_scheduling_arm_1,12/30/19
TAG074,wave_1_scheduling_arm_1,9/15/17
TAG074,wave_2_scheduling_arm_1,3/18/19
TAG074,sos_arm_1,10/19/19
TAG074,wave_3_scheduling_arm_1,6/21/21
TAG075,wave_1_scheduling_arm_1,8/8/16
TAG075,wave_2_scheduling_arm_1,4/21/18
TAG075,wave_3_scheduling_arm_1,10/17/19
TAG076,wave_1_scheduling_arm_1,8/10/16
TAG076,wave_2_scheduling_arm_1,3/7/18
TAG076,sos_arm_1,1/13/19
TAG076,wave_3_scheduling_arm_1,9/5/19
TAG077,wave_1_scheduling_arm_1,7/26/17
TAG077,wave_2_scheduling_arm_1,1/24/19
TAG077,sos_arm_1,8/23/19
TAG077,wave_3_scheduling_arm_1,4/21/21
TAG078,wave_1_scheduling_arm_1,10/8/16
TAG078,wave_2_scheduling_arm_1,4/26/18
TAG078,wave_3_scheduling_arm_1,10/29/19
TAG079,wave_1_scheduling_arm_1,7/16/16
TAG079,wave_2_scheduling_arm_1,5/15/18
TAG080,wave_1_scheduling_arm_1,1/13/17
TAG080,wave_2_scheduling_arm_1,6/23/18
TAG080,sos_arm_1,3/29/19
TAG080,wave_3_scheduling_arm_1,12/30/19
TAG081,wave_1_scheduling_arm_1,7/3/17
TAG081,wave_2_scheduling_arm_1,2/9/19
TAG081,sos_arm_1,8/9/19
TAG083,wave_1_scheduling_arm_1,11/2/17
TAG084,wave_1_scheduling_arm_1,5/21/16
TAG084,wave_2_scheduling_arm_1,11/22/17
TAG084,sos_arm_1,11/4/18
TAG084,wave_3_scheduling_arm_1,6/26/19
TAG084,wave_4_scheduling_arm_1,8/25/21
TAG085,wave_1_scheduling_arm_1,6/27/16
TAG085,wave_2_scheduling_arm_1,1/12/18
TAG085,sos_arm_1,1/6/19
TAG085,wave_3_scheduling_arm_1,7/18/19
TAG085,wave_4_scheduling_arm_1,8/31/21
TAG086,wave_1_scheduling_arm_1,5/25/16
TAG086,wave_2_scheduling_arm_1,11/19/17
TAG086,sos_arm_1,12/9/18
TAG086,wave_3_scheduling_arm_1,7/1/19
TAG086,wave_4_scheduling_arm_1,8/10/21
TAG087,wave_1_scheduling_arm_1,10/26/17
TAG087,wave_2_scheduling_arm_1,5/3/19
TAG087,sos_arm_1,8/22/19
TAG087,wave_3_scheduling_arm_1,5/26/21
TAG088,wave_1_scheduling_arm_1,7/5/16
TAG088,wave_2_scheduling_arm_1,3/19/18
TAG088,wave_3_scheduling_arm_1,10/12/19
TAG089,wave_1_scheduling_arm_1,5/27/16
TAG089,wave_2_scheduling_arm_1,11/17/17
TAG089,sos_arm_1,12/8/18
TAG089,wave_3_scheduling_arm_1,5/28/19
TAG089,wave_4_scheduling_arm_1,7/19/21
TAG090,wave_1_scheduling_arm_1,6/22/16
TAG090,wave_2_scheduling_arm_1,12/4/17
TAG090,wave_3_scheduling_arm_1,7/9/19
TAG090,wave_4_scheduling_arm_1,8/19/21
TAG091,wave_1_scheduling_arm_1,1/11/17
TAG091,wave_2_scheduling_arm_1,8/18/18
TAG093,wave_1_scheduling_arm_1,5/28/16
TAG093,wave_2_scheduling_arm_1,2/13/18
TAG093,wave_3_scheduling_arm_1,8/22/19
TAG093,wave_4_scheduling_arm_1,6/14/21
TAG094,wave_1_scheduling_arm_1,5/21/16
TAG094,wave_2_scheduling_arm_1,11/20/17
TAG094,wave_3_scheduling_arm_1,5/21/19
TAG094,wave_4_scheduling_arm_1,7/14/21
TAG095,wave_1_scheduling_arm_1,6/16/17
TAG095,wave_2_scheduling_arm_1,11/8/18
TAG095,wave_3_scheduling_arm_1,11/15/20
TAG097,wave_1_scheduling_arm_1,9/25/16
TAG098,wave_1_scheduling_arm_1,9/27/16
TAG098,wave_2_scheduling_arm_1,3/30/18
TAG098,wave_3_scheduling_arm_1,12/23/19
TAG099,wave_1_scheduling_arm_1,12/1/16
TAG099,wave_2_scheduling_arm_1,7/19/18
TAG099,wave_3_scheduling_arm_1,1/30/20
TAG100,wave_1_scheduling_arm_1,6/6/16
TAG100,wave_2_scheduling_arm_1,3/13/18
TAG100,wave_3_scheduling_arm_1,11/20/19
TAG101,wave_1_scheduling_arm_1,1/28/17
TAG101,wave_2_scheduling_arm_1,9/10/18
TAG101,sos_arm_1,6/8/19
TAG101,wave_3_scheduling_arm_1,1/25/21
TAG102,wave_1_scheduling_arm_1,8/24/16
TAG102,wave_2_scheduling_arm_1,3/27/18
TAG102,sos_arm_1,10/27/19
TAG102,wave_3_scheduling_arm_1,11/18/19
TAG103,wave_1_scheduling_arm_1,1/27/17
TAG103,wave_2_scheduling_arm_1,8/25/18
TAG103,sos_arm_1,5/25/19
TAG103,wave_3_scheduling_arm_1,2/3/21
TAG104,wave_1_scheduling_arm_1,8/16/16
TAG104,wave_2_scheduling_arm_1,3/21/18
TAG104,wave_3_scheduling_arm_1,9/11/19
TAG104,wave_4_scheduling_arm_1,10/4/21
TAG105,wave_1_scheduling_arm_1,9/17/16
TAG105,wave_2_scheduling_arm_1,3/28/18
TAG105,wave_3_scheduling_arm_1,1/28/20
TAG105,wave_4_scheduling_arm_1,9/11/21
TAG106,wave_1_scheduling_arm_1,6/21/17
TAG106,wave_2_scheduling_arm_1,11/16/18
TAG106,sos_arm_1,6/2/19
TAG106,wave_3_scheduling_arm_1,2/16/21
TAG107,wave_1_scheduling_arm_1,2/20/17
TAG107,wave_2_scheduling_arm_1,10/12/18
TAG108,wave_1_scheduling_arm_1,8/4/16
TAG109,wave_1_scheduling_arm_1,10/7/16
TAG110,wave_1_scheduling_arm_1,7/14/17
TAG110,wave_2_scheduling_arm_1,12/11/18
TAG110,sos_arm_1,8/15/19
TAG110,wave_3_scheduling_arm_1,4/14/21
TAG111,wave_1_scheduling_arm_1,10/14/16
TAG111,wave_2_scheduling_arm_1,6/25/18
TAG111,wave_3_scheduling_arm_1,2/3/20
TAG112,wave_1_scheduling_arm_1,1/28/17
TAG112,wave_2_scheduling_arm_1,7/31/18
TAG112,wave_3_scheduling_arm_1,1/31/19
TAG113,wave_1_scheduling_arm_1,1/14/17
TAG113,wave_2_scheduling_arm_1,7/3/18
TAG113,wave_3_scheduling_arm_1,12/13/19
TAG114,wave_1_scheduling_arm_1,9/8/16
TAG114,wave_2_scheduling_arm_1,6/14/18
TAG115,wave_1_scheduling_arm_1,10/19/17
TAG116,wave_1_scheduling_arm_1,10/3/17
TAG116,wave_2_scheduling_arm_1,5/11/19
TAG116,wave_3_scheduling_arm_1,5/7/21
TAG117,wave_1_scheduling_arm_1,12/12/16
TAG117,wave_2_scheduling_arm_1,6/19/18
TAG117,wave_3_scheduling_arm_1,12/4/19
TAG119,wave_1_scheduling_arm_1,7/5/16
TAG119,wave_2_scheduling_arm_1,3/23/18
TAG119,wave_3_scheduling_arm_1,9/24/19
TAG120,wave_1_scheduling_arm_1,9/5/17
TAG120,wave_2_scheduling_arm_1,4/9/19
TAG120,sos_arm_1,8/8/19
TAG120,wave_3_scheduling_arm_1,12/23/20
TAG122,wave_1_scheduling_arm_1,9/29/17
TAG122,wave_2_scheduling_arm_1,4/2/19
TAG122,sos_arm_1,10/5/19
TAG122,wave_3_scheduling_arm_1,12/6/20
TAG124,wave_1_scheduling_arm_1,11/16/17
TAG124,wave_2_scheduling_arm_1,4/23/19
TAG124,sos_arm_1,12/8/19
TAG124,wave_3_scheduling_arm_1,8/5/21
TAG125,wave_1_scheduling_arm_1,10/31/17
TAG125,wave_2_scheduling_arm_1,5/6/19
TAG127,wave_1_scheduling_arm_1,11/9/17
TAG127,wave_2_scheduling_arm_1,5/30/19
TAG127,wave_3_scheduling_arm_1,7/9/21
TAG130,wave_1_scheduling_arm_1,9/14/16
TAG130,wave_2_scheduling_arm_1,4/2/18
TAG130,wave_3_scheduling_arm_1,11/4/19
TAG131,wave_1_scheduling_arm_1,2/22/17
TAG131,wave_2_scheduling_arm_1,8/13/18
TAG131,sos_arm_1,4/20/19
TAG131,wave_3_scheduling_arm_1,2/21/20
TAG131,wave_4_scheduling_arm_1,4/14/21
TAG132,wave_1_scheduling_arm_1,1/15/17
TAG132,wave_2_scheduling_arm_1,8/24/18
TAG132,sos_arm_1,3/23/19
TAG132,wave_3_scheduling_arm_1,2/7/20
TAG137,wave_1_scheduling_arm_1,10/23/16
TAG138,wave_1_scheduling_arm_1,10/15/16
TAG138,wave_2_scheduling_arm_1,5/2/18
TAG138,sos_arm_1,3/2/19
TAG138,wave_3_scheduling_arm_1,10/14/19
TAG140,wave_1_scheduling_arm_1,10/28/16
TAG140,wave_2_scheduling_arm_1,5/11/18
TAG140,sos_arm_1,3/10/19
TAG140,wave_3_scheduling_arm_1,10/11/19
TAG140,wave_4_scheduling_arm_1,9/16/21
TAG141,wave_1_scheduling_arm_1,10/23/16
TAG141,wave_2_scheduling_arm_1,6/4/18
TAG141,sos_arm_1,4/14/19
TAG141,wave_3_scheduling_arm_1,2/5/20
TAG141,wave_4_scheduling_arm_1,8/9/21
TAG143,wave_1_scheduling_arm_1,6/8/16
TAG143,wave_2_scheduling_arm_1,3/20/18
TAG143,wave_3_scheduling_arm_1,3/11/20
TAG144,wave_1_scheduling_arm_1,10/19/16
TAG144,wave_2_scheduling_arm_1,4/25/18
TAG144,wave_3_scheduling_arm_1,1/6/20
TAG144,wave_4_scheduling_arm_1,1/23/21
TAG145,wave_1_scheduling_arm_1,2/15/17
TAG147,wave_1_scheduling_arm_1,1/29/18
TAG147,wave_2_scheduling_arm_1,9/4/19
TAG147,wave_3_scheduling_arm_1,12/3/20
TAG149,wave_1_scheduling_arm_1,6/17/16
TAG149,wave_2_scheduling_arm_1,12/4/17
TAG149,wave_3_scheduling_arm_1,7/26/19
TAG149,wave_4_scheduling_arm_1,9/8/21
TAG152,wave_1_scheduling_arm_1,2/20/17
TAG152,wave_2_scheduling_arm_1,9/14/18
TAG152,wave_3_scheduling_arm_1,12/21/20
TAG155,wave_1_scheduling_arm_1,10/24/17
TAG155,wave_2_scheduling_arm_1,8/13/19
TAG155,wave_3_scheduling_arm_1,7/26/21
TAG158,wave_1_scheduling_arm_1,2/15/17
TAG159,wave_1_scheduling_arm_1,6/13/16
TAG159,wave_2_scheduling_arm_1,2/1/18
TAG159,wave_3_scheduling_arm_1,8/9/19
TAG159,wave_4_scheduling_arm_1,8/24/21
TAG160,wave_1_scheduling_arm_1,7/28/16
TAG160,wave_2_scheduling_arm_1,2/12/18
TAG160,sos_arm_1,3/21/20
TAG160,wave_3_scheduling_arm_1,8/8/19
TAG160,wave_4_scheduling_arm_1,8/23/21
TAG164,wave_1_scheduling_arm_1,6/25/16
TAG164,wave_2_scheduling_arm_1,12/4/17
TAG164,sos_arm_1,2/17/19
TAG164,wave_3_scheduling_arm_1,8/16/19
TAG165,wave_1_scheduling_arm_1,2/9/18
TAG166,wave_1_scheduling_arm_1,8/24/17
TAG166,wave_2_scheduling_arm_1,2/5/19
TAG167,wave_1_scheduling_arm_1,12/30/16
TAG167,wave_2_scheduling_arm_1,7/17/18
TAG167,sos_arm_1,7/12/19
TAG167,wave_3_scheduling_arm_1,1/24/20
TAG169,wave_1_scheduling_arm_1,11/20/16
TAG169,wave_2_scheduling_arm_1,5/22/18
TAG169,wave_3_scheduling_arm_1,10/20/19
TAG170,wave_1_scheduling_arm_1,8/12/17
TAG172,wave_1_scheduling_arm_1,9/7/17
TAG173,wave_1_scheduling_arm_1,4/17/17
TAG173,wave_2_scheduling_arm_1,9/25/18
TAG173,wave_3_scheduling_arm_1,12/14/20
TAG174,wave_1_scheduling_arm_1,6/25/16
TAG174,wave_2_scheduling_arm_1,6/19/18
TAG175,wave_1_scheduling_arm_1,8/8/17
TAG175,wave_2_scheduling_arm_1,6/27/19
TAG176,wave_1_scheduling_arm_1,5/13/17
TAG176,wave_2_scheduling_arm_1,10/20/18
TAG176,sos_arm_1,7/22/19
TAG176,wave_3_scheduling_arm_1,3/7/21
TAG177,wave_1_scheduling_arm_1,10/4/16
TAG177,wave_2_scheduling_arm_1,5/16/18
TAG177,sos_arm_1,3/15/20
TAG177,wave_3_scheduling_arm_1,10/18/19
TAG179,wave_1_scheduling_arm_1,7/6/17
TAG179,wave_2_scheduling_arm_1,1/4/19
TAG179,sos_arm_1,8/27/19
TAG179,wave_3_scheduling_arm_1,4/30/21
TAG180,wave_1_scheduling_arm_1,6/24/17
TAG180,wave_2_scheduling_arm_1,11/12/18
TAG180,sos_arm_1,7/11/19
TAG180,wave_3_scheduling_arm_1,2/20/21
TAG181,wave_1_scheduling_arm_1,7/29/16
TAG181,wave_2_scheduling_arm_1,3/14/18
TAG181,wave_3_scheduling_arm_1,9/13/19
TAG184,wave_1_scheduling_arm_1,6/30/17
TAG186,wave_1_scheduling_arm_1,4/20/17
TAG186,wave_2_scheduling_arm_1,10/23/18
TAG186,sos_arm_1,6/23/19
TAG186,wave_3_scheduling_arm_1,12/17/20
TAG188,wave_1_scheduling_arm_1,8/11/17
TAG188,wave_2_scheduling_arm_1,3/6/19
TAG188,sos_arm_1,7/31/19
TAG188,wave_3_scheduling_arm_1,1/14/21
TAG190,wave_1_scheduling_arm_1,7/5/17
TAG190,wave_2_scheduling_arm_1,11/20/18
TAG190,wave_3_scheduling_arm_1,2/9/21
TAG192,wave_1_scheduling_arm_1,1/19/17
TAG192,wave_2_scheduling_arm_1,7/27/18
TAG192,wave_3_scheduling_arm_1,2/10/20
TAG194,wave_1_scheduling_arm_1,1/23/17
TAG194,wave_2_scheduling_arm_1,8/8/18
TAG194,wave_3_scheduling_arm_1,2/11/20
TAG200,wave_1_scheduling_arm_1,8/30/17
TAG200,wave_2_scheduling_arm_1,2/15/19
TAG200,sos_arm_1,8/7/19
TAG200,wave_3_scheduling_arm_1,5/13/21
TAG202,wave_1_scheduling_arm_1,4/25/17
TAG202,wave_2_scheduling_arm_1,10/2/18
TAG202,sos_arm_1,6/16/19
TAG202,wave_3_scheduling_arm_1,1/21/21
TAG203,wave_1_scheduling_arm_1,1/5/18
TAG203,wave_2_scheduling_arm_1,7/12/19
TAG203,sos_arm_1,11/24/19
TAG203,wave_3_scheduling_arm_1,6/10/21
TAG205,wave_1_scheduling_arm_1,5/11/17
TAG205,wave_2_scheduling_arm_1,10/9/18
TAG205,sos_arm_1,7/8/19
TAG205,wave_3_scheduling_arm_1,11/29/20
TAG206,wave_1_scheduling_arm_1,7/28/17
TAG206,wave_2_scheduling_arm_1,2/16/19
TAG207,wave_1_scheduling_arm_1,4/3/17
TAG207,wave_2_scheduling_arm_1,9/17/18
TAG207,sos_arm_1,6/15/19
TAG207,wave_3_scheduling_arm_1,1/24/21
TAG208,wave_1_scheduling_arm_1,4/22/17
TAG208,wave_2_scheduling_arm_1,10/11/18
TAG208,wave_3_scheduling_arm_1,11/1/20
TAG209,wave_1_scheduling_arm_1,2/11/17
TAG209,wave_2_scheduling_arm_1,8/6/18
TAG209,wave_3_scheduling_arm_1,2/25/20
TAG209,wave_4_scheduling_arm_1,5/18/21
TAG210,wave_1_scheduling_arm_1,12/19/16
TAG210,wave_2_scheduling_arm_1,7/2/18
TAG210,sos_arm_1,3/16/19
TAG210,wave_3_scheduling_arm_1,12/23/19
TAG211,wave_1_scheduling_arm_1,2/19/17
TAG211,wave_2_scheduling_arm_1,8/27/18
TAG211,wave_3_scheduling_arm_1,2/24/20
TAG211,wave_4_scheduling_arm_1,9/7/21
TAG214,wave_1_scheduling_arm_1,4/15/17
TAG215,wave_1_scheduling_arm_1,1/10/18
TAG215,wave_2_scheduling_arm_1,6/24/19
TAG215,wave_3_scheduling_arm_1,8/25/21
TAG218,wave_1_scheduling_arm_1,11/1/17
TAG218,wave_2_scheduling_arm_1,5/8/19
TAG218,wave_3_scheduling_arm_1,6/28/21
TAG219,wave_1_scheduling_arm_1,7/21/17
TAG220,wave_1_scheduling_arm_1,6/28/17
TAG220,wave_2_scheduling_arm_1,11/28/18
TAG220,sos_arm_1,6/9/19
TAG220,wave_3_scheduling_arm_1,4/8/21
TAG221,wave_1_scheduling_arm_1,6/26/17
TAG221,wave_2_scheduling_arm_1,12/12/18
TAG221,wave_3_scheduling_arm_1,3/19/21
TAG223,wave_1_scheduling_arm_1,9/16/17
TAG223,wave_2_scheduling_arm_1,3/16/19
TAG223,sos_arm_1,11/16/19
TAG223,wave_3_scheduling_arm_1,5/29/21
TAG224,wave_1_scheduling_arm_1,8/9/17
TAG224,wave_2_scheduling_arm_1,1/25/19
TAG224,sos_arm_1,7/10/19
TAG224,wave_3_scheduling_arm_1,7/8/21
TAG225,wave_1_scheduling_arm_1,11/22/17
TAG225,wave_2_scheduling_arm_1,5/22/19
TAG225,sos_arm_1,1/19/20
TAG225,wave_3_scheduling_arm_1,6/25/21
TAG231,wave_1_scheduling_arm_1,12/15/17
TAG232,wave_1_scheduling_arm_1,2/5/18
TAG232,wave_2_scheduling_arm_1,8/19/19
TAG232,wave_3_scheduling_arm_1,7/5/21
TAG233,wave_1_scheduling_arm_1,2/15/18
TAG238,wave_1_scheduling_arm_1,12/20/17
TAG238,wave_2_scheduling_arm_1,6/18/19
TAG238,sos_arm_1,1/11/20
TAG238,wave_3_scheduling_arm_1,5/17/21
TAG240,wave_1_scheduling_arm_1,12/19/17
TAG243,wave_1_scheduling_arm_1,12/18/17
TAG243,wave_2_scheduling_arm_1,6/19/19
TAG243,wave_3_scheduling_arm_1,7/2/21
TAG244,wave_1_scheduling_arm_1,1/2/18
TAG244,wave_2_scheduling_arm_1,10/2/19
TAG244,wave_3_scheduling_arm_1,8/12/21
TAG247,wave_1_scheduling_arm_1,12/26/17
TAG247,wave_2_scheduling_arm_1,6/28/19
TAG247,wave_3_scheduling_arm_1,7/1/21
TAG249,wave_1_scheduling_arm_1,1/10/18
TAG250,wave_1_scheduling_arm_1,1/8/18
TAG250,wave_2_scheduling_arm_1,6/11/19
TAG250,wave_3_scheduling_arm_1,5/14/21
TAG252,wave_1_scheduling_arm_1,12/6/17
TAG252,wave_2_scheduling_arm_1,7/31/19
TAG252,wave_3_scheduling_arm_1,7/23/21
TAG253,wave_1_scheduling_arm_1,2/12/18
TAG253,wave_2_scheduling_arm_1,7/29/19
TAG253,wave_3_scheduling_arm_1,6/29/21
TAG257,wave_1_scheduling_arm_1,2/7/18
TAG257,wave_2_scheduling_arm_1,9/13/19
TAG257,wave_3_scheduling_arm_1,8/17/21
TAG258,wave_1_scheduling_arm_1,1/17/18
TAG261,wave_1_scheduling_arm_1,2/2/18
TAG261,wave_2_scheduling_arm_1,8/7/19
TAG261,wave_3_scheduling_arm_1,6/18/21
TAG266,wave_1_scheduling_arm_1,1/24/18
TAG266,wave_2_scheduling_arm_1,8/12/19
TAG002,C1,4/9/20
TAG003,C1,4/14/20
TAG005,C1,4/13/20
TAG007,C1,4/10/20
TAG008,C1,4/12/20
TAG009,C1,4/15/20
TAG010,C1,4/9/20
TAG015,C1,5/3/20
TAG016,C1,4/12/20
TAG017,C1,4/15/20
TAG019,C1,4/16/20
TAG020,C1,4/14/20
TAG022,C1,4/25/20
TAG024,C1,4/15/20
TAG026,C1,4/15/20
TAG027,C1,4/13/20
TAG030,C1,4/11/20
TAG032,C1,4/9/20
TAG033,C1,4/19/20
TAG034,C1,4/12/20
TAG037,C1,4/12/20
TAG038,C1,4/23/20
TAG040,C1,4/17/20
TAG041,C1,4/16/20
TAG042,C1,4/14/20
TAG044,C1,4/11/20
TAG045,C1,4/13/20
TAG046,C1,4/19/20
TAG047,C1,4/19/20
TAG049,C1,4/13/20
TAG050,C1,4/12/20
TAG051,C1,4/11/20
TAG052,C1,4/15/20
TAG053,C1,4/21/20
TAG054,C1,4/9/20
TAG055,C1,4/23/20
TAG057,C1,4/9/20
TAG058,C1,4/10/20
TAG059,C1,4/10/20
TAG060,C1,4/13/20
TAG062,C1,4/9/20
TAG064,C1,4/10/20
TAG065,C1,4/12/20
TAG066,C1,4/26/20
TAG067,C1,4/12/20
TAG068,C1,4/12/20
TAG070,C1,4/26/20
TAG071,C1,4/9/20
TAG072,C1,4/17/20
TAG073,C1,4/16/20
TAG074,C1,4/14/20
TAG075,C1,4/9/20
TAG077,C1,4/24/20
TAG078,C1,4/20/20
TAG079,C1,4/13/20
TAG084,C1,4/11/20
TAG085,C1,4/10/20
TAG086,C1,4/14/20
TAG087,C1,4/13/20
TAG088,C1,4/10/20
TAG089,C1,4/9/20
TAG090,C1,4/9/20
TAG093,C1,4/12/20
TAG094,C1,4/19/20
TAG095,C1,4/13/20
TAG098,C1,4/14/20
TAG099,C1,4/15/20
TAG100,C1,4/25/20
TAG101,C1,4/15/20
TAG102,C1,4/24/20
TAG104,C1,4/9/20
TAG105,C1,4/24/20
TAG106,C1,4/14/20
TAG107,C1,4/18/20
TAG110,C1,4/14/20
TAG113,C1,4/22/20
TAG116,C1,4/23/20
TAG117,C1,4/25/20
TAG120,C1,4/14/20
TAG122,C1,4/13/20
TAG125,C1,4/22/20
TAG130,C1,4/20/20
TAG131,C1,4/12/20
TAG132,C1,4/25/20
TAG138,C1,4/15/20
TAG140,C1,4/13/20
TAG143,C1,4/24/20
TAG147,C1,4/9/20
TAG149,C1,4/11/20
TAG152,C1,4/14/20
TAG155,C1,4/9/20
TAG159,C1,4/11/20
TAG160,C1,4/10/20
TAG164,C1,4/15/20
TAG167,C1,4/15/20
TAG169,C1,4/22/20
TAG170,C1,4/9/20
TAG173,C1,4/13/20
TAG176,C1,4/22/20
TAG177,C1,4/9/20
TAG179,C1,4/20/20
TAG180,C1,4/22/20
TAG181,C1,4/20/20
TAG186,C1,4/11/20
TAG188,C1,4/11/20
TAG190,C1,4/18/20
TAG194,C1,4/17/20
TAG200,C1,4/20/20
TAG202,C1,4/13/20
TAG203,C1,4/11/20
TAG205,C1,4/14/20
TAG206,C1,4/19/20
TAG208,C1,4/14/20
TAG209,C1,4/17/20
TAG210,C1,4/13/20
TAG211,C1,4/26/20
TAG218,C1,4/9/20
TAG220,C1,4/9/20
TAG221,C1,4/15/20
TAG223,C1,4/14/20
TAG224,C1,4/9/20
TAG225,C1,4/10/20
TAG232,C1,4/20/20
TAG238,C1,4/10/20
TAG243,C1,4/12/20
TAG247,C1,4/23/20
TAG252,C1,4/13/20
TAG253,C1,4/10/20
TAG257,C1,4/23/20
TAG261,C1,4/12/20
TAG266,C1,4/12/20
TAG001,C2,1/6/21
TAG002,C2,11/26/20
TAG003,C2,12/10/20
TAG005,C2,11/29/20
TAG007,C2,12/6/20
TAG008,C2,12/9/20
TAG009,C2,1/4/21
TAG010,C2,11/25/20
TAG011,C2,1/9/21
TAG014,C2,12/14/20
TAG015,C2,12/2/20
TAG016,C2,12/16/20
TAG017,C2,12/13/20
TAG019,C2,1/6/21
TAG020,C2,12/7/20
TAG022,C2,12/12/20
TAG024,C2,12/7/20
TAG030,C2,11/29/20
TAG032,C2,11/27/20
TAG033,C2,1/2/21
TAG034,C2,12/7/20
TAG037,C2,11/29/20
TAG041,C2,12/3/20
TAG042,C2,11/27/20
TAG044,C2,12/23/20
TAG046,C2,12/21/20
TAG047,C2,12/21/20
TAG049,C2,11/29/20
TAG050,C2,11/23/20
TAG053,C2,11/23/20
TAG057,C2,11/25/20
TAG058,C2,12/2/20
TAG060,C2,12/15/20
TAG062,C2,12/3/20
TAG064,C2,12/4/20
TAG065,C2,11/27/20
TAG068,C2,12/12/20
TAG072,C2,12/8/20
TAG074,C2,11/30/20
TAG076,C2,11/30/20
TAG077,C2,1/15/21
TAG078,C2,11/24/20
TAG080,C2,11/30/20
TAG084,C2,12/3/20
TAG085,C2,12/2/20
TAG086,C2,12/5/20
TAG088,C2,12/2/20
TAG089,C2,11/24/20
TAG090,C2,12/16/20
TAG093,C2,12/23/20
TAG094,C2,11/27/20
TAG095,C2,12/3/20
TAG101,C2,11/25/20
TAG103,C2,12/16/20
TAG104,C2,12/1/20
TAG106,C2,11/29/20
TAG107,C2,1/5/21
TAG110,C2,12/8/20
TAG112,C2,12/16/20
TAG113,C2,12/2/20
TAG116,C2,11/30/20
TAG119,C2,12/5/20
TAG130,C2,12/1/20
TAG131,C2,11/29/20
TAG132,C2,11/25/20
TAG138,C2,12/5/20
TAG140,C2,1/5/21
TAG143,C2,12/1/20
TAG147,C2,12/13/20
TAG149,C2,12/27/20
TAG152,C2,11/28/20
TAG159,C2,11/24/20
TAG160,C2,11/30/20
TAG164,C2,12/8/20
TAG167,C2,11/28/20
TAG170,C2,11/23/20
TAG173,C2,12/8/20
TAG175,C2,1/14/21
TAG177,C2,12/20/20
TAG179,C2,11/28/20
TAG180,C2,12/16/20
TAG181,C2,12/3/20
TAG190,C2,1/11/21
TAG200,C2,11/28/20
TAG202,C2,11/28/20
TAG203,C2,12/3/20
TAG205,C2,12/15/20
TAG206,C2,12/1/20
TAG208,C2,12/23/20
TAG209,C2,11/30/20
TAG210,C2,11/23/20
TAG211,C2,12/2/20
TAG215,C2,1/15/21
TAG218,C2,12/5/20
TAG220,C2,11/29/20
TAG221,C2,11/29/20
TAG223,C2,11/29/20
TAG224,C2,11/24/20
TAG225,C2,11/25/20
TAG238,C2,11/24/20
TAG243,C2,12/5/20
TAG247,C2,12/21/20
TAG250,C2,11/24/20
TAG252,C2,11/29/20
TAG253,C2,11/27/20
TAG261,C2,12/14/20
TAG002,C3,5/20/21
TAG005,C3,6/2/21
TAG007,C3,7/15/21
TAG008,C3,6/30/21
TAG009,C3,6/11/21
TAG010,C3,5/10/21
TAG016,C3,5/19/21
TAG017,C3,6/2/21
TAG020,C3,6/6/21
TAG022,C3,6/21/21
TAG030,C3,5/12/21
TAG032,C3,5/14/21
TAG033,C3,5/15/21
TAG037,C3,5/22/21
TAG041,C3,5/17/21
TAG044,C3,7/19/21
TAG049,C3,5/20/21
TAG050,C3,5/22/21
TAG052,C3,5/14/21
TAG060,C3,5/27/21
TAG062,C3,5/22/21
TAG065,C3,5/23/21
TAG071,C3,5/16/21
TAG074,C3,5/26/21
TAG076,C3,6/7/21
TAG078,C3,5/12/21
TAG084,C3,5/11/21
TAG085,C3,5/15/21
TAG086,C3,5/22/21
TAG089,C3,5/19/21
TAG090,C3,6/6/21
TAG093,C3,6/6/21
TAG094,C3,5/16/21
TAG103,C3,5/10/21
TAG104,C3,5/14/21
TAG106,C3,7/5/21
TAG110,C3,5/12/21
TAG113,C3,5/15/21
TAG116,C3,5/12/21
TAG122,C3,5/19/21
TAG130,C3,6/17/21
TAG131,C3,5/12/21
TAG143,C3,6/23/21
TAG149,C3,5/25/21
TAG152,C3,6/5/21
TAG159,C3,6/8/21
TAG160,C3,5/19/21
TAG173,C3,5/10/21
TAG179,C3,5/9/21
TAG180,C3,5/14/21
TAG190,C3,6/28/21
TAG202,C3,5/22/21
TAG203,C3,5/21/21
TAG208,C3,5/28/21
TAG210,C3,6/2/21
TAG218,C3,5/26/21
TAG220,C3,5/10/21
TAG221,C3,5/26/21
TAG223,C3,5/12/21
TAG224,C3,6/18/21
TAG225,C3,5/14/21
TAG238,C3,5/30/21
TAG243,C3,5/27/21
TAG247,C3,5/19/21
TAG250,C3,5/9/21
TAG252,C3,6/16/21
TAG253,C3,6/2/21
TAG003,wave_4_scheduling_arm_1,10/18/21
TAG005,wave_4_scheduling_arm_1,10/6/21
TAG007,wave_4_scheduling_arm_1,10/15/21
TAG009,wave_4_scheduling_arm_1,11/11/21
TAG040,wave_4_scheduling_arm_1,11/4/21
TAG060,wave_4_scheduling_arm_1,6/9/21
TAG062,wave_4_scheduling_arm_1,6/15/21
TAG065,wave_4_scheduling_arm_1,8/18/21
TAG069,wave_4_scheduling_arm_1,2/23/21
TAG088,wave_4_scheduling_arm_1,11/4/21
TAG130,wave_4_scheduling_arm_1,11/3/21
TAG138,wave_4_scheduling_arm_1,10/23/21
TAG169,wave_4_scheduling_arm_1,11/3/21