"","tagid","survey_name","SPPA_1","SPPA_10","SPPA_11","SPPA_12","SPPA_13","SPPA_14","SPPA_15","SPPA_16","SPPA_17","SPPA_18","SPPA_19","SPPA_2","SPPA_20","SPPA_21","SPPA_22","SPPA_23","SPPA_24","SPPA_25","SPPA_26","SPPA_27","SPPA_28","SPPA_29","SPPA_3","SPPA_30","SPPA_31","SPPA_32","SPPA_33","SPPA_34","SPPA_35","SPPA_36","SPPA_37","SPPA_38","SPPA_39","SPPA_4","SPPA_40","SPPA_41","SPPA_42","SPPA_43","SPPA_44","SPPA_45","SPPA_46","SPPA_47","SPPA_48","SPPA_49","SPPA_5","SPPA_50","SPPA_51","SPPA_52","SPPA_53","SPPA_54","SPPA_55","SPPA_56","SPPA_57","SPPA_58","SPPA_59","SPPA_6","SPPA_60","SPPA_61","SPPA_62","SPPA_63","SPPA_64","SPPA_65","SPPA_66","SPPA_67","SPPA_68","SPPA_69","SPPA_7","SPPA_70","SPPA_71","SPPA_8","SPPA_9","SPPA_RA_72","SPPA_RA_73","SPPA_RA_74","SPPA_RA_75","SPPA_RA_76","SPPA_RA_77","SPPA_RA_78","SPPA_RA_79","SPPA_RA_80","survey_type","survey_date","ha1","ha2","ha3","ha4","ha6","ha7","ha8","ha9","ha10","ha11","ha12","ha13","ha15","ha16","ha17","ha18","ha19","ha20","ha21","ha22","ha24","ha25","ha26","ha27","ha28","ha29","ha30","ha31","ha33","ha34","ha35","ha36","ha37","ha38","ha39","ha40","ha42","ha43","ha44","ha45","SPPA_scholasticcomp_total","SPPA_socialcomp_total","SPPA_athleticcomp_total","SPPA_physicalappear_total","SPPA_romanticappeal_total","SPPA_behavconduct_total","SPPA_closefriend_total","SPPA_globalselfworth_total","SPPA_scholasticcomp_mean","SPPA_socialcomp_mean","SPPA_athleticcomp_mean","SPPA_physicalappear_mean","SPPA_romanticappeal_mean","SPPA_behavconduct_mean","SPPA_closefriend_mean","SPPA_globalselfworth_mean","SPPA_scholasticcomp_N","SPPA_scholasticcomp_missing","SPPA_scholasticcomp_missing_perc","SPPA_socialcomp_N","SPPA_socialcomp_missing","SPPA_socialcomp_missing_perc","SPPA_athleticcomp_N","SPPA_athleticcomp_missing","SPPA_athleticcomp_missing_perc","SPPA_physicalappear_N","SPPA_physicalappear_missing","SPPA_physicalappear_missing_perc","SPPA_romanticappeal_N","SPPA_romanticappeal_missing","SPPA_romanticappeal_missing_perc","SPPA_behavconduct_N","SPPA_behavconduct_missing","SPPA_behavconduct_missing_perc","SPPA_closefriend_N","SPPA_closefriend_missing","SPPA_closefriend_missing_perc","SPPA_globalselfworth_N","SPPA_globalselfworth_missing","SPPA_globalselfworth_missing_perc"
"1","TAG001","W2 Home Qs - Current V1",1,1,2,1,2,2,2,1,2,1,2,1,1,2,2,2,1,2,1,2,1,1,2,1,2,1,1,1,2,2,1,1,1,1,1,1,1,1,1,1,1,2,1,1,2,1,1,1,2,1,1,1,1,2,1,1,1,2,1,1,2,1,1,2,1,1,2,2,NA,2,1,NA,NA,NA,NA,NA,NA,NA,NA,NA,"Home","2017-08-24",3,3,2,4,NA,3,2,4,3,2,2,4,NA,3,3,3,3,3,3,4,NA,3,3,3,2,3,3,3,NA,2,3,3,4,3,3,4,NA,3,3,4,15,14,13,19,NA,14,14,17,3,2.8,2.6,3.8,NA,2.8,2.8,3.4,5,0,0,5,0,0,5,0,0,5,0,0,5,5,100,5,0,0,5,0,0,5,0,0
"2","TAG002","W2 Home Qs - Current V1",1,1,1,2,2,2,2,1,1,1,1,1,1,2,1,2,2,2,2,2,1,1,2,2,2,2,1,1,2,2,1,1,1,2,1,1,1,2,1,1,1,2,1,1,1,1,2,2,2,1,1,2,1,1,1,1,1,2,1,1,1,1,1,2,1,1,2,1,NA,1,1,NA,NA,NA,NA,NA,NA,NA,NA,NA,"Home","2017-09-06",3,4,3,3,NA,3,4,4,3,3,3,3,NA,4,4,3,4,4,3,4,NA,3,3,3,3,3,3,3,NA,4,3,4,3,3,3,3,NA,3,3,3,16,17,15,16,NA,17,17,17,3.2,3.4,3,3.2,NA,3.4,3.4,3.4,5,0,0,5,0,0,5,0,0,5,0,0,5,5,100,5,0,0,5,0,0,5,0,0
"3","TAG003","W2 Home Qs - Current V1",2,1,1,1,2,1,2,1,1,2,2,1,1,1,1,2,1,2,1,2,1,1,2,1,2,2,2,1,2,1,1,1,1,2,1,1,1,2,1,1,2,2,1,1,1,1,2,1,2,2,1,1,1,1,1,1,1,2,1,1,1,1,2,2,1,1,2,1,NA,1,2,NA,NA,NA,NA,NA,NA,NA,NA,NA,"Home","2018-03-10",2,4,3,3,NA,2,3,3,3,4,2,2,NA,3,3,3,3,4,2,3,NA,3,3,3,3,4,3,3,NA,3,4,3,3,3,3,3,NA,4,3,3,14,19,13,14,NA,15,16,15,2.8,3.8,2.6,2.8,NA,3,3.2,3,5,0,0,5,0,0,5,0,0,5,0,0,5,5,100,5,0,0,5,0,0,5,0,0
"4","TAG004","W2 - Home Qs - Current V1 IN LAB",1,2,1,2,2,1,1,1,1,1,2,1,1,1,2,2,2,2,2,2,1,1,2,1,2,2,1,1,1,1,1,1,1,2,2,1,2,1,1,1,1,1,1,2,1,1,2,1,2,2,1,1,1,1,1,1,1,2,1,1,1,1,1,2,2,1,2,1,NA,1,1,NA,NA,NA,NA,NA,NA,NA,NA,NA,"Home","2017-08-07",3,4,3,3,NA,4,4,3,2,3,2,1,NA,4,4,3,3,4,3,2,NA,3,4,4,2,3,2,2,NA,3,4,3,3,3,3,3,NA,3,4,3,13,17,13,11,NA,17,20,16,2.6,3.4,2.6,2.2,NA,3.4,4,3.2,5,0,0,5,0,0,5,0,0,5,0,0,5,5,100,5,0,0,5,0,0,5,0,0
"5","TAG005","W2 Home Qs - Current V1",1,1,1,1,2,1,2,1,2,1,2,2,1,2,2,2,1,2,1,2,2,1,1,1,2,1,2,1,2,2,1,1,1,1,1,1,2,2,1,2,1,2,1,1,2,1,2,1,2,1,1,2,1,1,2,1,2,2,1,1,1,1,1,2,1,1,2,2,NA,2,1,NA,NA,NA,NA,NA,NA,NA,NA,NA,"Home","2018-05-22",4,2,2,4,NA,3,3,3,3,2,2,4,NA,3,3,4,3,3,2,4,NA,3,3,4,3,2,3,3,NA,3,3,4,3,1,3,3,NA,3,3,4,16,10,12,18,NA,15,15,19,3.2,2,2.4,3.6,NA,3,3,3.8,5,0,0,5,0,0,5,0,0,5,0,0,5,5,100,5,0,0,5,0,0,5,0,0
"6","TAG007","W2 Home Qs - Current V1",1,2,1,2,1,1,2,1,1,1,2,1,2,1,1,2,2,2,2,1,1,1,1,2,2,1,2,1,1,1,1,2,1,1,2,1,1,2,1,1,1,2,1,2,2,1,2,2,2,2,1,1,1,1,2,1,1,1,1,2,1,1,2,2,2,1,1,1,NA,1,1,NA,NA,NA,NA,NA,NA,NA,NA,NA,"Home","2018-02-13",3,2,2,2,NA,4,4,2,3,3,1,2,NA,4,4,2,4,3,2,2,NA,4,4,3,3,3,3,2,NA,4,4,3,3,2,2,2,NA,4,4,3,16,13,10,10,NA,20,20,13,3.2,2.6,2,2,NA,4,4,2.6,5,0,0,5,0,0,5,0,0,5,0,0,5,5,100,5,0,0,5,0,0,5,0,0
"7","TAG009","W2 Home Qs - Current V1",2,2,2,2,1,2,1,2,2,2,2,1,2,1,1,2,2,1,2,1,1,1,1,1,1,2,2,2,1,1,2,2,2,2,2,1,1,1,1,2,2,1,2,2,2,1,2,2,1,2,2,1,2,1,2,2,2,1,2,2,1,1,1,1,1,2,1,1,NA,1,1,NA,NA,NA,NA,NA,NA,NA,NA,NA,"Home","2018-05-20",2,1,1,2,NA,4,1,1,1,1,1,2,NA,4,1,2,3,1,1,2,NA,1,1,3,2,1,1,2,NA,4,1,2,2,1,1,2,NA,3,2,2,10,5,5,10,NA,16,6,10,2,1,1,2,NA,3.2,1.2,2,5,0,0,5,0,0,5,0,0,5,0,0,5,5,100,5,0,0,5,0,0,5,0,0
"8","TAG010","W2 Home Qs - Current V1",1,2,1,1,2,1,2,2,1,1,1,1,1,2,1,2,2,2,1,2,1,1,2,1,2,1,2,1,2,1,1,2,1,2,2,1,1,2,1,1,2,2,1,2,1,1,2,2,2,1,1,2,1,2,1,1,1,2,1,1,1,1,1,2,2,1,2,2,NA,1,1,NA,NA,NA,NA,NA,NA,NA,NA,NA,"Home","2018-02-21",3,4,3,3,NA,4,3,3,4,3,3,3,NA,4,3,3,3,3,2,3,NA,4,4,3,3,4,3,2,NA,4,3,4,4,3,3,3,NA,3,4,4,17,17,14,14,NA,19,17,17,3.4,3.4,2.8,2.8,NA,3.8,3.4,3.4,5,0,0,5,0,0,5,0,0,5,0,0,5,5,100,5,0,0,5,0,0,5,0,0
"9","TAG014","W2 Home Qs - Current V1",1,1,1,2,1,2,1,1,1,1,1,2,1,2,1,1,2,2,2,1,1,1,2,1,2,1,2,1,1,1,2,2,1,2,2,2,2,1,2,1,1,2,1,2,2,1,1,1,1,1,2,1,2,1,1,1,1,1,1,2,1,1,1,2,1,2,2,2,NA,1,1,NA,NA,NA,NA,NA,NA,NA,NA,NA,"Home","2018-08-10",4,4,2,3,NA,3,4,1,2,3,3,3,NA,1,4,2,3,3,2,2,NA,1,4,1,1,3,3,2,NA,2,2,2,2,3,2,2,NA,3,3,1,12,16,12,12,NA,10,17,7,2.4,3.2,2.4,2.4,NA,2,3.4,1.4,5,0,0,5,0,0,5,0,0,5,0,0,5,5,100,5,0,0,5,0,0,5,0,0
"10","TAG015","W2 Home Qs - Current V1",1,2,1,1,2,2,2,1,1,1,2,2,1,1,1,2,2,2,2,2,2,1,2,2,2,1,2,1,1,1,1,2,1,1,1,1,2,2,2,1,1,2,1,1,2,1,2,2,2,1,1,2,1,2,2,1,1,2,1,1,1,1,2,2,1,1,2,2,NA,1,1,NA,NA,NA,NA,NA,NA,NA,NA,NA,"Home","2018-04-21",4,3,2,3,NA,4,3,4,3,3,2,2,NA,4,4,4,4,3,2,2,NA,4,3,4,4,3,3,3,NA,4,3,4,4,2,3,3,NA,4,3,4,19,14,12,13,NA,20,16,20,3.8,2.8,2.4,2.6,NA,4,3.2,4,5,0,0,5,0,0,5,0,0,5,0,0,5,5,100,5,0,0,5,0,0,5,0,0
"11","TAG016","W2 Home Qs - Current V1",1,2,2,1,2,2,2,2,1,2,2,1,2,2,1,2,2,1,1,2,2,1,2,2,2,1,2,2,2,1,1,2,1,2,1,1,2,2,2,1,2,1,2,1,2,1,2,2,1,1,1,1,1,2,1,2,1,1,2,1,1,2,1,2,1,1,2,2,NA,1,1,NA,NA,NA,NA,NA,NA,NA,NA,NA,"Home","2017-10-13",3,4,1,3,NA,4,2,4,4,4,1,3,NA,4,2,4,4,3,1,3,NA,4,3,4,4,4,1,3,NA,4,2,3,4,3,1,3,NA,2,3,4,19,18,5,15,NA,18,12,19,3.8,3.6,1,3,NA,3.6,2.4,3.8,5,0,0,5,0,0,5,0,0,5,0,0,5,5,100,5,0,0,5,0,0,5,0,0
"12","TAG019","W2 Home Qs - Current V1",1,2,2,1,1,1,1,2,1,1,2,1,1,2,2,2,1,1,2,2,1,1,1,1,2,1,2,2,2,1,2,1,2,2,1,2,1,1,1,1,1,1,1,1,2,1,2,1,1,1,1,1,2,1,2,2,1,1,1,1,1,1,1,2,2,1,2,1,NA,1,1,NA,NA,NA,NA,NA,NA,NA,NA,NA,"Home","2017-10-08",3,1,1,3,NA,4,2,2,1,3,2,4,NA,3,1,3,3,3,1,3,NA,2,2,2,2,3,2,3,NA,3,2,3,2,2,2,3,NA,3,4,3,11,12,8,16,NA,15,11,13,2.2,2.4,1.6,3.2,NA,3,2.2,2.6,5,0,0,5,0,0,5,0,0,5,0,0,5,5,100,5,0,0,5,0,0,5,0,0
"13","TAG020","W2 Home Qs - Current V1",1,1,1,2,2,1,1,2,1,2,1,2,2,2,2,2,2,2,2,2,2,1,2,1,2,2,1,1,2,2,1,1,1,2,2,1,2,2,1,1,2,2,2,1,1,1,2,1,2,2,1,1,1,1,1,2,2,2,2,1,1,1,1,2,2,1,2,2,NA,2,1,NA,NA,NA,NA,NA,NA,NA,NA,NA,"Home","2017-09-15",4,4,4,4,NA,3,4,3,1,4,4,4,NA,4,4,4,3,4,3,4,NA,3,4,4,3,4,4,3,NA,3,4,3,3,4,4,3,NA,3,4,4,14,20,19,18,NA,16,20,18,2.8,4,3.8,3.6,NA,3.2,4,3.6,5,0,0,5,0,0,5,0,0,5,0,0,5,5,100,5,0,0,5,0,0,5,0,0
"14","TAG022","W2 Home Qs - Current V1",1,2,1,2,2,2,1,1,1,2,2,1,1,2,2,2,1,1,2,2,2,2,2,1,2,2,2,1,1,1,1,2,1,2,2,1,2,2,1,1,2,2,2,1,2,2,2,2,2,2,1,2,1,2,1,1,1,1,1,1,2,1,2,2,1,1,2,2,NA,2,1,NA,NA,NA,NA,NA,NA,NA,NA,NA,"Home","2017-08-30",3,4,2,4,NA,4,4,4,2,4,2,4,NA,3,1,4,2,4,2,2,NA,4,4,4,3,4,4,4,NA,4,4,4,4,3,2,4,NA,4,3,4,14,19,12,18,NA,19,16,20,2.8,3.8,2.4,3.6,NA,3.8,3.2,4,5,0,0,5,0,0,5,0,0,5,0,0,5,5,100,5,0,0,5,0,0,5,0,0
"15","TAG026","W2 Home Qs - Current V1",1,2,1,2,2,2,2,2,1,1,2,2,1,2,1,2,2,2,2,2,1,2,2,2,2,2,1,2,2,2,1,1,1,2,2,1,2,2,2,1,2,2,2,2,1,1,2,2,2,2,1,2,1,1,1,1,1,2,2,2,1,1,2,2,2,1,1,1,NA,1,1,NA,NA,NA,NA,NA,NA,NA,NA,NA,"Home","2017-08-09",4,4,3,2,NA,4,4,4,4,3,2,3,NA,4,4,3,1,4,4,4,NA,3,4,4,4,4,4,2,NA,4,4,4,3,3,4,2,NA,4,4,3,16,18,17,13,NA,19,20,18,3.2,3.6,3.4,2.6,NA,3.8,4,3.6,5,0,0,5,0,0,5,0,0,5,0,0,5,5,100,5,0,0,5,0,0,5,0,0
"16","TAG027","W2 Home Qs - Current V1",1,2,2,2,1,2,1,1,2,2,2,1,2,1,1,2,2,1,2,1,1,1,1,2,2,1,2,2,1,2,2,2,2,2,2,2,2,2,2,2,2,1,2,2,2,2,2,2,1,2,2,1,1,1,1,2,2,1,2,2,1,1,2,1,1,2,1,2,NA,1,1,NA,NA,NA,NA,NA,NA,NA,NA,NA,"Home","2018-01-17",3,1,1,2,NA,4,1,1,2,1,1,2,NA,4,1,2,4,3,1,1,NA,1,1,1,4,1,1,1,NA,4,1,2,3,4,1,2,NA,4,2,1,16,10,5,8,NA,17,6,7,3.2,2,1,1.6,NA,3.4,1.2,1.4,5,0,0,5,0,0,5,0,0,5,0,0,5,5,100,5,0,0,5,0,0,5,0,0
"17","TAG028","W2 Home Qs - Current V1",2,2,1,2,1,2,1,2,1,2,1,1,2,1,2,1,2,2,2,2,2,2,1,2,2,2,2,2,1,2,1,2,1,1,2,2,2,1,2,1,2,2,2,2,1,2,1,2,1,2,2,1,2,2,1,2,2,2,2,2,2,1,1,2,1,2,1,1,NA,2,1,NA,NA,NA,NA,NA,NA,NA,NA,NA,"Home","2018-02-16",2,2,4,1,NA,4,4,1,1,4,4,1,NA,1,4,4,1,4,1,1,NA,4,4,1,1,4,4,1,NA,1,1,2,1,4,4,1,NA,3,3,2,6,18,17,5,NA,13,16,10,1.2,3.6,3.4,1,NA,2.6,3.2,2,5,0,0,5,0,0,5,0,0,5,0,0,5,5,100,5,0,0,5,0,0,5,0,0
"18","TAG030","W2 Home Qs - Current V1",1,2,1,2,2,2,2,1,1,1,1,2,1,2,2,2,2,2,2,2,2,1,2,2,2,2,1,1,2,2,1,2,1,2,2,1,2,2,2,1,2,2,2,1,1,2,2,2,2,2,1,2,1,2,1,1,2,2,2,1,2,1,2,2,2,1,2,2,NA,2,1,NA,NA,NA,NA,NA,NA,NA,NA,NA,"Home","2017-08-22",4,4,3,4,NA,4,4,4,3,3,3,4,NA,4,4,4,4,4,3,4,NA,4,4,4,4,4,4,4,NA,4,4,4,4,4,4,4,NA,4,4,4,19,19,17,20,NA,20,20,20,3.8,3.8,3.4,4,NA,4,4,4,5,0,0,5,0,0,5,0,0,5,0,0,5,5,100,5,0,0,5,0,0,5,0,0
"19","TAG032","W2 Home Qs - Current V1",1,1,2,1,1,2,2,2,1,1,2,1,2,1,2,2,1,1,1,1,2,1,2,2,2,1,2,2,1,2,1,1,2,1,1,2,2,2,1,2,1,1,2,2,2,2,2,1,1,1,2,1,2,1,2,2,2,1,2,2,2,1,1,2,2,2,1,2,NA,2,1,NA,NA,NA,NA,NA,NA,NA,NA,NA,"Home","2018-02-08",3,3,1,1,NA,3,2,1,4,3,1,1,NA,3,2,1,4,3,1,1,NA,3,2,1,3,2,1,1,NA,3,2,2,2,1,1,1,NA,3,4,1,16,12,5,5,NA,15,12,6,3.2,2.4,1,1,NA,3,2.4,1.2,5,0,0,5,0,0,5,0,0,5,0,0,5,5,100,5,0,0,5,0,0,5,0,0
"20","TAG033","W2 Home Qs - Current V1",2,2,1,2,1,2,2,2,1,1,2,2,2,1,2,2,2,1,1,1,1,1,2,2,2,2,2,2,1,2,2,2,1,1,2,2,2,2,2,1,1,1,1,2,2,1,2,2,1,1,2,2,1,2,2,2,2,1,2,2,2,1,1,1,2,1,1,2,NA,2,1,NA,NA,NA,NA,NA,NA,NA,NA,NA,"Home","2017-09-15",1,3,1,1,NA,4,4,1,4,3,1,1,NA,4,2,2,4,4,1,1,NA,1,4,1,4,3,2,2,NA,4,2,1,4,1,1,1,NA,3,1,4,17,14,6,6,NA,16,13,9,3.4,2.8,1.2,1.2,NA,3.2,2.6,1.8,5,0,0,5,0,0,5,0,0,5,0,0,5,5,100,5,0,0,5,0,0,5,0,0
"21","TAG034","W2 Home Qs - Current V1",2,1,2,2,1,1,1,2,1,1,2,1,1,1,1,2,1,1,2,2,1,1,2,2,2,2,2,1,2,1,1,1,2,1,2,1,1,1,1,1,1,1,1,2,1,1,2,1,1,2,1,1,2,2,2,1,1,1,1,2,1,1,1,1,2,2,1,1,NA,1,1,NA,NA,NA,NA,NA,NA,NA,NA,NA,"Home","2017-10-07",2,3,3,2,NA,3,1,2,1,3,2,2,NA,3,1,3,4,4,2,3,NA,3,1,3,2,3,2,2,NA,3,1,3,1,2,2,2,NA,3,1,2,10,15,11,11,NA,15,5,13,2,3,2.2,2.2,NA,3,1,2.6,5,0,0,5,0,0,5,0,0,5,0,0,5,5,100,5,0,0,5,0,0,5,0,0
"22","TAG036","W2 Home Qs - Current V1",1,2,1,2,2,2,1,2,1,2,2,1,1,2,2,2,2,2,2,2,2,1,2,2,2,2,2,2,2,2,1,1,1,2,2,1,2,2,2,1,2,1,2,1,2,1,2,2,2,2,1,2,1,2,1,2,1,1,1,1,2,1,2,2,2,1,2,2,NA,2,1,NA,NA,NA,NA,NA,NA,NA,NA,NA,"Home","2018-02-15",3,4,1,4,NA,4,4,4,1,4,2,4,NA,4,4,4,4,4,1,4,NA,3,4,4,4,4,1,3,NA,4,4,4,4,3,2,4,NA,4,4,4,16,19,7,19,NA,19,20,20,3.2,3.8,1.4,3.8,NA,3.8,4,4,5,0,0,5,0,0,5,0,0,5,0,0,5,5,100,5,0,0,5,0,0,5,0,0
"23","TAG037","W2 Home Qs - Current V1",1,2,1,2,2,2,2,1,1,2,1,2,1,2,2,2,2,2,2,2,2,1,2,2,2,2,1,1,2,2,1,2,1,2,2,1,2,2,2,1,2,2,1,1,1,2,2,2,2,2,1,2,1,2,1,1,1,2,1,1,2,1,2,2,2,1,2,2,NA,2,1,NA,NA,NA,NA,NA,NA,NA,NA,NA,"Home","2017-10-24",4,4,3,4,NA,4,4,4,3,4,3,4,NA,4,4,4,4,4,3,4,NA,4,4,4,4,4,3,4,NA,4,4,4,4,3,3,4,NA,4,4,4,19,19,15,20,NA,20,20,20,3.8,3.8,3,4,NA,4,4,4,5,0,0,5,0,0,5,0,0,5,0,0,5,5,100,5,0,0,5,0,0,5,0,0
"24","TAG038","W2 Home Qs - Current V1",1,2,1,2,1,2,1,1,1,1,2,1,1,1,2,1,1,1,1,1,1,1,1,2,1,1,1,2,1,2,1,2,1,1,1,1,2,1,2,1,2,1,2,1,2,2,1,2,1,2,1,2,1,2,1,1,2,1,2,1,2,1,2,1,2,1,1,2,NA,1,1,NA,NA,NA,NA,NA,NA,NA,NA,NA,"Home","2018-03-23",3,2,2,2,NA,4,4,1,2,3,2,1,NA,2,2,2,4,2,4,1,NA,4,3,4,1,4,1,4,NA,1,1,4,4,4,1,4,NA,4,1,4,14,15,10,12,NA,15,11,15,2.8,3,2,2.4,NA,3,2.2,3,5,0,0,5,0,0,5,0,0,5,0,0,5,5,100,5,0,0,5,0,0,5,0,0
"25","TAG040","W2 Home Qs - Current V1",2,1,1,1,2,1,1,1,1,1,1,1,2,1,1,1,2,2,2,1,1,1,2,1,2,2,1,1,1,1,2,1,1,1,1,2,1,1,1,1,1,1,1,1,1,1,1,2,1,1,1,1,2,1,1,1,2,2,2,1,1,2,2,2,2,2,2,1,NA,1,2,NA,NA,NA,NA,NA,NA,NA,NA,NA,"Home","2018-04-20",2,3,3,3,NA,2,3,3,2,3,4,2,NA,1,4,2,3,4,3,2,NA,2,3,2,2,3,2,3,NA,1,2,3,2,4,4,3,NA,1,4,2,11,17,16,13,NA,7,16,12,2.2,3.4,3.2,2.6,NA,1.4,3.2,2.4,5,0,0,5,0,0,5,0,0,5,0,0,5,5,100,5,0,0,5,0,0,5,0,0
"26","TAG041","W2 Home Qs - Current V1",1,1,1,1,2,2,2,2,1,2,1,2,1,2,1,1,2,2,2,1,2,1,2,2,2,2,1,2,2,1,1,1,1,2,2,1,2,2,2,1,2,2,1,1,1,1,1,1,2,2,2,1,1,2,1,1,2,2,1,2,1,1,1,2,2,1,2,1,NA,1,1,NA,NA,NA,NA,NA,NA,NA,NA,NA,"Home","2017-12-16",4,4,3,3,NA,3,3,4,4,4,3,3,NA,1,4,1,4,4,4,3,NA,3,4,4,4,4,3,3,NA,2,4,2,4,4,3,2,NA,3,4,3,20,20,16,14,NA,12,19,14,4,4,3.2,2.8,NA,2.4,3.8,2.8,5,0,0,5,0,0,5,0,0,5,0,0,5,5,100,5,0,0,5,0,0,5,0,0
"27","TAG042","W2 Home Qs - Current V1",2,2,2,2,1,1,2,1,2,2,2,2,2,2,1,2,1,2,1,2,1,1,1,1,1,1,2,2,2,1,1,2,2,2,2,1,1,2,2,1,1,2,1,1,2,1,2,2,1,2,1,2,2,1,2,2,2,2,2,1,1,1,2,1,2,1,2,2,NA,2,1,NA,NA,NA,NA,NA,NA,NA,NA,NA,"Home","2018-02-14",1,1,1,4,NA,4,1,2,3,1,1,3,NA,3,3,3,3,2,1,3,NA,4,1,3,4,3,3,3,NA,4,1,4,2,1,4,3,NA,4,1,4,13,8,10,16,NA,19,7,16,2.6,1.6,2,3.2,NA,3.8,1.4,3.2,5,0,0,5,0,0,5,0,0,5,0,0,5,5,100,5,0,0,5,0,0,5,0,0
"28","TAG044","W2 Home Qs - Current V1",2,1,2,2,1,2,1,2,1,1,2,1,2,1,2,1,1,1,2,2,1,2,1,1,2,1,2,1,1,2,1,1,1,2,1,2,2,1,1,1,1,1,1,2,2,2,2,2,1,2,2,2,2,1,2,2,2,1,2,2,2,1,2,2,1,2,1,2,NA,2,1,NA,NA,NA,NA,NA,NA,NA,NA,NA,"Home","2017-11-10",2,1,1,1,NA,3,1,1,1,3,1,1,NA,2,1,3,2,3,2,1,NA,3,3,1,2,3,2,1,NA,4,1,1,2,1,1,1,NA,4,3,1,9,11,7,5,NA,16,9,7,1.8,2.2,1.4,1,NA,3.2,1.8,1.4,5,0,0,5,0,0,5,0,0,5,0,0,5,5,100,5,0,0,5,0,0,5,0,0
"29","TAG045","W2 Home Qs - Current V1",1,2,1,1,2,2,1,1,1,1,1,2,2,2,2,2,1,2,2,2,2,1,2,2,2,2,1,1,2,2,1,2,1,2,2,1,2,2,2,1,2,2,2,1,1,2,2,2,1,2,1,2,1,2,1,2,2,2,2,1,2,1,2,2,2,1,2,2,NA,2,1,NA,NA,NA,NA,NA,NA,NA,NA,NA,"Home","2017-12-03",4,4,4,4,NA,4,3,4,2,3,4,4,NA,3,4,4,4,4,3,4,NA,4,4,4,4,4,4,4,NA,4,1,4,4,4,4,4,NA,4,4,4,18,19,19,20,NA,19,16,20,3.6,3.8,3.8,4,NA,3.8,3.2,4,5,0,0,5,0,0,5,0,0,5,0,0,5,5,100,5,0,0,5,0,0,5,0,0
"30","TAG046","W2 - Home Qs - Current V1 IN LAB",1,2,1,1,2,1,2,1,1,1,1,1,1,2,1,2,1,2,1,2,1,1,2,1,2,1,1,1,2,1,1,1,1,1,1,1,1,2,1,1,1,2,1,1,1,1,2,1,2,1,1,1,1,1,2,1,1,2,1,1,1,1,1,2,1,1,2,1,NA,1,1,NA,NA,NA,NA,NA,NA,NA,NA,NA,"Home","2018-04-07",3,3,3,3,NA,4,3,3,3,3,3,3,NA,3,3,3,3,3,3,3,NA,3,3,3,3,3,3,3,NA,3,3,3,3,2,3,3,NA,3,3,3,15,14,15,15,NA,16,15,15,3,2.8,3,3,NA,3.2,3,3,5,0,0,5,0,0,5,0,0,5,0,0,5,5,100,5,0,0,5,0,0,5,0,0
"31","TAG047","W2 Home Qs - Current V1",1,1,2,2,2,2,2,1,1,1,1,1,1,1,1,1,1,2,1,1,1,1,2,1,1,2,2,2,2,2,2,2,1,2,1,1,1,1,2,1,1,1,2,1,1,1,1,1,1,1,1,2,1,2,2,2,1,1,1,1,1,1,1,1,1,1,2,1,NA,1,1,NA,NA,NA,NA,NA,NA,NA,NA,NA,"Home","2018-04-07",3,4,4,3,NA,3,1,4,3,3,3,2,NA,2,3,2,3,1,1,4,NA,1,3,3,1,3,1,3,NA,2,2,4,4,2,2,3,NA,3,2,3,14,13,11,15,NA,11,11,16,2.8,2.6,2.2,3,NA,2.2,2.2,3.2,5,0,0,5,0,0,5,0,0,5,0,0,5,5,100,5,0,0,5,0,0,5,0,0
"32","TAG048","W2 Home Qs - Current V1",1,2,2,1,1,1,2,2,1,2,1,1,1,1,2,2,2,2,1,2,2,1,2,2,2,2,1,1,1,2,1,1,1,2,2,1,1,2,2,1,2,2,1,2,1,2,2,1,2,2,1,1,1,1,1,1,2,2,1,2,2,1,1,2,2,1,1,1,NA,2,2,NA,NA,NA,NA,NA,NA,NA,NA,NA,"Home","2018-06-06",3,4,3,1,NA,1,2,2,4,4,3,1,NA,4,3,4,4,4,3,1,NA,3,4,3,4,4,3,1,NA,3,4,3,3,4,3,1,NA,3,4,3,18,20,15,5,NA,14,17,15,3.6,4,3,1,NA,2.8,3.4,3,5,0,0,5,0,0,5,0,0,5,0,0,5,5,100,5,0,0,5,0,0,5,0,0
"33","TAG049","W2 Home Qs - Current V1",2,1,2,1,2,1,1,1,1,1,2,1,1,1,1,1,1,2,1,2,1,1,2,1,2,1,1,1,1,1,2,1,1,1,1,1,1,1,1,1,2,2,1,1,1,1,1,1,1,1,1,1,2,1,2,1,1,1,1,2,1,2,1,2,1,1,2,1,NA,1,2,NA,NA,NA,NA,NA,NA,NA,NA,NA,"Home","2018-03-17",2,3,3,3,NA,2,2,3,2,3,2,2,NA,2,3,3,3,3,3,2,NA,2,3,3,2,4,3,3,NA,2,2,3,2,2,2,2,NA,2,3,3,11,15,13,12,NA,10,13,15,2.2,3,2.6,2.4,NA,2,2.6,3,5,0,0,5,0,0,5,0,0,5,0,0,5,5,100,5,0,0,5,0,0,5,0,0
"34","TAG050","W2 Home Qs - Current V1",2,1,2,2,1,2,1,1,2,2,2,2,2,1,2,2,2,1,2,2,1,2,1,1,1,2,2,2,1,2,1,2,2,2,2,2,2,2,2,2,2,1,2,2,2,2,2,2,1,1,2,2,2,2,2,2,2,1,2,2,2,1,2,1,2,2,1,2,NA,2,1,NA,NA,NA,NA,NA,NA,NA,NA,NA,"Home","2017-11-21",1,1,1,1,NA,3,1,1,2,1,1,1,NA,4,1,3,2,1,1,1,NA,4,1,1,4,1,1,1,NA,4,2,1,1,1,1,1,NA,4,1,1,10,5,5,5,NA,19,6,7,2,1,1,1,NA,3.8,1.2,1.4,5,0,0,5,0,0,5,0,0,5,0,0,5,5,100,5,0,0,5,0,0,5,0,0
"35","TAG051","W2 - Home Qs - Current V1 IN LAB",1,1,1,2,2,2,1,2,1,2,1,2,1,2,2,2,2,2,2,2,2,1,2,2,2,2,2,2,2,2,1,2,1,1,2,1,2,1,1,1,2,2,1,1,2,2,2,1,2,2,1,2,1,2,1,2,1,1,2,1,2,1,2,2,2,1,2,2,NA,2,1,NA,NA,NA,NA,NA,NA,NA,NA,NA,"Home","2017-09-22",4,3,1,4,NA,3,4,4,1,4,3,4,NA,4,4,4,4,4,1,4,NA,4,4,4,2,4,3,4,NA,3,4,4,4,3,1,4,NA,4,4,4,15,18,9,20,NA,18,20,20,3,3.6,1.8,4,NA,3.6,4,4,5,0,0,5,0,0,5,0,0,5,0,0,5,5,100,5,0,0,5,0,0,5,0,0
"36","TAG052","W2 Home Qs - Current V1",1,1,2,1,2,1,2,2,2,1,2,2,2,1,1,2,2,2,2,2,2,1,1,2,2,1,2,2,2,1,1,1,1,2,2,2,1,2,2,1,2,1,1,2,1,1,2,2,2,2,1,2,1,2,2,1,2,2,2,2,1,1,2,2,2,1,1,1,NA,1,1,NA,NA,NA,NA,NA,NA,NA,NA,NA,"Home","2017-10-21",4,1,3,2,NA,3,2,3,4,2,1,2,NA,4,4,4,4,3,1,3,NA,3,4,2,4,4,2,2,NA,4,4,4,4,1,4,2,NA,4,4,3,20,11,11,11,NA,18,18,16,4,2.2,2.2,2.2,NA,3.6,3.6,3.2,5,0,0,5,0,0,5,0,0,5,0,0,5,5,100,5,0,0,5,0,0,5,0,0
"37","TAG053","W2 - Home Qs - Current V1 IN LAB",2,1,2,2,1,2,1,2,2,2,2,1,2,1,1,2,2,1,2,1,2,2,1,2,1,2,2,2,2,2,1,2,2,2,2,1,1,1,2,2,2,2,2,2,2,2,2,2,1,2,2,1,2,2,2,2,2,1,2,2,2,1,2,1,2,2,1,2,NA,1,1,NA,NA,NA,NA,NA,NA,NA,NA,NA,"Home","2018-01-08",2,1,1,2,NA,3,1,1,1,1,1,2,NA,4,1,1,1,1,1,4,NA,4,1,3,1,1,4,1,NA,4,1,2,1,1,1,1,NA,4,1,1,6,5,8,10,NA,19,5,8,1.2,1,1.6,2,NA,3.8,1,1.6,5,0,0,5,0,0,5,0,0,5,0,0,5,5,100,5,0,0,5,0,0,5,0,0
"38","TAG054","W2 Home Qs - Current V1",2,1,1,1,2,1,2,1,1,1,2,1,1,2,2,2,2,1,1,2,2,2,2,1,2,1,2,1,2,2,1,2,2,2,1,1,1,2,1,1,2,1,1,1,2,2,1,2,1,1,1,1,2,1,1,1,1,1,1,1,2,2,1,1,1,1,1,1,NA,1,2,NA,NA,NA,NA,NA,NA,NA,NA,NA,"Home","2017-11-17",2,4,2,2,NA,2,3,3,3,3,2,4,NA,4,2,4,2,3,2,4,NA,4,2,3,3,4,2,4,NA,1,2,3,2,3,2,4,NA,2,2,3,12,17,10,18,NA,13,11,16,2.4,3.4,2,3.6,NA,2.6,2.2,3.2,5,0,0,5,0,0,5,0,0,5,0,0,5,5,100,5,0,0,5,0,0,5,0,0
"39","TAG055","W2 Home Qs - Current V1",1,2,1,2,2,1,2,2,1,1,2,2,2,1,1,2,1,2,1,2,2,1,2,2,2,1,2,2,2,1,1,1,1,1,2,1,2,2,1,1,1,1,2,1,2,1,2,1,2,2,1,2,1,1,2,2,1,1,2,1,1,1,2,2,1,1,2,2,NA,1,1,NA,NA,NA,NA,NA,NA,NA,NA,NA,"Home","2017-10-29",4,3,1,3,NA,4,4,3,4,3,1,2,NA,3,3,4,4,3,1,3,NA,3,4,4,3,3,1,3,NA,3,4,4,3,2,1,3,NA,4,3,4,18,14,5,14,NA,17,18,19,3.6,2.8,1,2.8,NA,3.4,3.6,3.8,5,0,0,5,0,0,5,0,0,5,0,0,5,5,100,5,0,0,5,0,0,5,0,0
"40","TAG056","W2 Home Qs - Current V1",1,2,1,1,1,2,1,2,1,1,2,1,2,1,2,2,2,2,1,1,1,1,2,2,2,1,2,2,1,2,1,2,1,1,2,2,2,2,2,1,1,1,2,2,2,2,2,2,2,1,2,1,1,1,2,2,2,2,2,2,2,1,2,2,1,2,1,2,NA,2,1,NA,NA,NA,NA,NA,NA,NA,NA,NA,"Home","2018-03-26",3,3,1,1,NA,4,3,1,1,3,1,1,NA,4,3,2,4,3,1,1,NA,4,4,1,4,3,1,1,NA,4,3,2,3,1,4,1,NA,4,3,1,15,13,8,5,NA,20,16,7,3,2.6,1.6,1,NA,4,3.2,1.4,5,0,0,5,0,0,5,0,0,5,0,0,5,5,100,5,0,0,5,0,0,5,0,0
"41","TAG058","W2 Home Qs - Current V1",1,1,1,1,1,2,1,2,2,2,2,1,2,1,1,1,2,2,1,1,1,2,1,1,1,2,2,2,1,2,2,2,2,2,2,2,1,2,1,2,2,1,2,2,2,1,1,2,1,1,1,2,1,2,2,2,2,1,2,2,1,2,1,2,1,1,1,2,NA,1,2,NA,NA,NA,NA,NA,NA,NA,NA,NA,"Home","2018-02-25",3,1,1,2,NA,2,3,1,1,1,1,2,NA,1,3,2,2,1,1,1,NA,1,1,2,3,1,1,2,NA,1,2,4,4,1,1,2,NA,2,3,4,13,5,5,9,NA,7,12,13,2.6,1,1,1.8,NA,1.4,2.4,2.6,5,0,0,5,0,0,5,0,0,5,0,0,5,5,100,5,0,0,5,0,0,5,0,0
"42","TAG059","W2 Home Qs - Current V1",1,1,2,1,2,1,2,1,1,1,1,2,1,2,2,2,1,2,2,2,1,1,2,2,2,1,1,2,2,2,1,2,1,1,2,1,2,2,2,1,2,2,1,1,1,1,1,1,2,1,1,2,1,1,1,2,1,2,2,1,1,1,2,2,2,1,2,1,NA,1,1,NA,NA,NA,NA,NA,NA,NA,NA,NA,"Home","2017-10-27",4,3,4,3,NA,3,2,3,3,3,3,4,NA,3,4,3,4,3,4,4,NA,4,4,4,4,4,3,3,NA,2,3,4,3,3,4,3,NA,4,4,3,18,16,18,17,NA,16,17,17,3.6,3.2,3.6,3.4,NA,3.2,3.4,3.4,5,0,0,5,0,0,5,0,0,5,0,0,5,5,100,5,0,0,5,0,0,5,0,0
"43","TAG060","W2 Home Qs - Current V1",1,2,1,2,1,1,1,1,1,1,1,1,1,1,1,2,2,2,1,2,1,1,2,1,2,2,2,1,1,1,1,1,1,2,2,1,2,2,1,1,1,2,2,1,2,2,2,2,2,2,1,2,1,2,2,1,1,2,1,1,1,1,2,2,2,1,2,1,NA,2,1,NA,NA,NA,NA,NA,NA,NA,NA,NA,"Home","2017-11-04",3,4,2,4,NA,4,4,2,2,3,3,2,NA,4,3,3,3,4,2,2,NA,3,4,4,3,3,4,4,NA,4,4,4,4,2,3,3,NA,4,4,3,15,16,14,15,NA,19,19,16,3,3.2,2.8,3,NA,3.8,3.8,3.2,5,0,0,5,0,0,5,0,0,5,0,0,5,5,100,5,0,0,5,0,0,5,0,0
"44","TAG062","W2 - Home Qs - Current V1 IN LAB",1,2,1,2,2,2,2,2,1,2,1,2,1,1,1,2,2,2,NA,2,2,1,2,2,2,2,1,1,1,1,1,2,1,1,2,1,2,2,2,1,2,2,2,1,1,1,2,2,2,2,1,2,1,2,1,1,1,1,1,1,1,1,2,2,2,1,1,2,NA,1,1,NA,NA,NA,NA,NA,NA,NA,NA,NA,"Home","2018-03-29",4,3,3,2,NA,4,4,4,4,4,3,2,NA,4,NA,4,4,4,3,2,NA,4,4,4,4,4,4,3,NA,4,4,4,4,3,2,3,NA,4,4,4,20,18,15,12,NA,20,NA,20,4,3.6,3,2.4,NA,4,4,4,5,0,0,5,0,0,5,0,0,5,0,0,5,5,100,5,0,0,5,1,20,5,0,0
"45","TAG064","W2 - Home Qs - Current V1 IN LAB",1,2,1,2,2,2,1,1,1,2,1,2,1,2,2,2,2,2,2,2,2,1,2,1,2,2,1,1,2,2,1,2,1,2,2,1,2,2,1,1,2,2,1,1,1,1,2,2,2,2,1,2,1,2,1,1,2,2,1,1,2,1,2,2,2,1,2,2,NA,2,1,NA,NA,NA,NA,NA,NA,NA,NA,NA,"Home","2017-12-03",4,4,3,4,NA,4,4,4,2,4,3,4,NA,4,4,4,3,4,3,4,NA,4,4,4,3,4,3,3,NA,4,4,4,4,4,3,4,NA,4,4,4,16,20,15,19,NA,20,20,20,3.2,4,3,3.8,NA,4,4,4,5,0,0,5,0,0,5,0,0,5,0,0,5,5,100,5,0,0,5,0,0,5,0,0
"46","TAG065","W2 Home Qs - Current V1",1,2,1,2,1,1,2,2,1,1,2,1,2,1,1,2,2,2,2,2,2,1,2,2,2,1,2,1,2,1,1,2,1,1,2,1,1,2,2,2,1,1,1,1,1,1,2,2,2,2,1,2,1,2,2,1,1,1,2,1,1,1,2,2,2,1,2,2,NA,1,1,NA,NA,NA,NA,NA,NA,NA,NA,NA,"Home","2017-12-05",3,3,3,3,NA,4,4,2,4,3,1,2,NA,4,4,4,4,3,2,3,NA,4,4,3,4,2,2,3,NA,4,4,4,4,2,1,3,NA,4,4,4,19,13,9,14,NA,20,20,17,3.8,2.6,1.8,2.8,NA,4,4,3.4,5,0,0,5,0,0,5,0,0,5,0,0,5,5,100,5,0,0,5,0,0,5,0,0
"47","TAG067","W2 Home Qs - Current V1",1,2,1,1,2,2,2,2,1,2,1,2,2,1,1,2,2,2,1,2,2,1,2,2,2,2,1,2,2,1,1,1,1,2,2,1,2,2,2,1,2,2,2,1,1,1,2,1,2,1,1,2,1,2,1,2,2,2,2,1,2,1,2,2,2,1,2,2,NA,1,1,NA,NA,NA,NA,NA,NA,NA,NA,NA,"Home","2017-09-14",4,4,4,3,NA,4,3,4,4,4,4,2,NA,4,3,4,4,4,4,3,NA,3,4,4,4,4,4,3,NA,3,3,4,4,4,4,4,NA,4,4,4,20,20,20,15,NA,18,17,20,4,4,4,3,NA,3.6,3.4,4,5,0,0,5,0,0,5,0,0,5,0,0,5,5,100,5,0,0,5,0,0,5,0,0
"48","TAG068","W2 - Home Qs - Current V1 IN LAB",2,1,1,1,2,1,1,1,1,1,2,1,1,1,1,2,1,2,1,2,1,1,2,2,2,1,2,1,1,1,1,1,1,1,1,1,1,2,1,1,1,2,1,2,1,1,1,1,2,1,1,1,1,1,2,2,1,2,2,2,1,1,1,2,1,1,1,1,NA,1,2,NA,NA,NA,NA,NA,NA,NA,NA,NA,"Home","2018-08-06",2,3,4,2,NA,2,3,3,2,3,2,2,NA,3,3,3,4,3,2,2,NA,3,3,3,3,3,3,2,NA,2,3,3,3,2,4,2,NA,3,3,3,14,14,15,10,NA,13,15,15,2.8,2.8,3,2,NA,2.6,3,3,5,0,0,5,0,0,5,0,0,5,0,0,5,5,100,5,0,0,5,0,0,5,0,0
"49","TAG069","W2 - Home Qs - Current V1 IN LAB",2,2,1,2,1,2,2,1,1,2,2,1,1,2,1,2,2,2,2,2,1,1,2,2,2,1,2,2,1,1,2,2,1,2,2,2,1,2,2,1,2,2,1,1,2,1,2,2,2,2,2,1,2,1,2,2,1,1,2,1,1,1,2,2,2,2,2,1,NA,1,1,NA,NA,NA,NA,NA,NA,NA,NA,NA,"Home","2017-11-19",2,4,1,3,NA,4,4,1,3,4,2,3,NA,4,4,3,4,3,1,2,NA,1,4,2,4,4,3,3,NA,4,4,2,2,2,1,3,NA,4,4,2,15,17,8,14,NA,17,20,10,3,3.4,1.6,2.8,NA,3.4,4,2,5,0,0,5,0,0,5,0,0,5,0,0,5,5,100,5,0,0,5,0,0,5,0,0
"50","TAG070","W2 Home Qs - Current V1",1,2,1,2,1,2,2,1,2,2,2,1,1,2,1,2,2,2,2,1,1,1,1,2,1,2,2,1,1,1,2,2,1,2,1,1,1,2,2,1,1,2,1,1,2,1,2,1,2,2,2,2,1,2,2,1,2,2,1,1,1,1,1,2,1,2,2,2,NA,1,2,NA,NA,NA,NA,NA,NA,NA,NA,NA,"Home","2018-02-23",3,1,2,3,NA,1,4,1,3,1,2,3,NA,4,4,2,4,1,2,2,NA,1,3,3,4,3,3,3,NA,3,4,1,4,1,3,3,NA,3,3,1,18,7,12,14,NA,12,18,8,3.6,1.4,2.4,2.8,NA,2.4,3.6,1.6,5,0,0,5,0,0,5,0,0,5,0,0,5,5,100,5,0,0,5,0,0,5,0,0
"51","TAG071","W2 Home Qs - Current V1",1,2,1,2,2,2,2,2,1,2,2,2,1,2,2,2,2,2,2,2,2,1,2,2,2,2,1,1,2,2,2,2,1,2,2,1,2,2,2,1,2,2,1,1,1,1,2,2,2,2,1,2,1,2,1,2,1,2,2,1,2,1,2,2,2,1,2,2,NA,2,1,NA,NA,NA,NA,NA,NA,NA,NA,NA,"Home","2018-03-28",4,4,4,4,NA,4,4,4,4,4,2,4,NA,4,4,4,4,4,3,4,NA,1,4,4,4,4,3,3,NA,4,4,4,4,3,4,4,NA,4,4,4,20,19,16,19,NA,17,20,20,4,3.8,3.2,3.8,NA,3.4,4,4,5,0,0,5,0,0,5,0,0,5,0,0,5,5,100,5,0,0,5,0,0,5,0,0
"52","TAG072","W2 Home Qs - Current V1",1,2,1,2,2,2,1,1,1,2,1,1,1,2,2,2,2,2,2,2,2,1,2,2,2,2,1,1,2,2,1,2,1,2,2,1,2,2,1,1,2,2,1,1,1,1,2,2,2,2,1,2,1,1,1,1,1,2,2,1,1,1,2,2,2,1,2,2,NA,2,1,NA,NA,NA,NA,NA,NA,NA,NA,NA,"Home","2018-11-30",3,4,3,4,NA,4,4,4,2,4,3,4,NA,4,4,4,4,4,3,4,NA,4,4,4,3,4,3,3,NA,4,4,4,3,3,4,3,NA,4,4,4,15,19,16,18,NA,20,20,20,3,3.8,3.2,3.6,NA,4,4,4,5,0,0,5,0,0,5,0,0,5,0,0,5,5,100,5,0,0,5,0,0,5,0,0
"53","TAG074","W2 Home Qs - Current V1",1,2,1,2,1,1,1,1,1,2,2,1,2,1,1,2,1,1,1,2,2,1,2,2,2,2,2,2,1,1,1,2,1,2,2,1,1,2,2,1,2,2,1,1,2,1,2,1,2,1,1,2,1,2,2,2,1,1,1,2,1,1,2,2,2,1,1,1,NA,1,1,NA,NA,NA,NA,NA,NA,NA,NA,NA,"Home","2019-04-14",3,4,1,2,NA,4,4,2,2,4,1,2,NA,3,2,4,4,4,1,2,NA,4,4,3,4,4,3,3,NA,3,3,4,4,2,2,2,NA,4,4,3,17,18,8,11,NA,18,17,16,3.4,3.6,1.6,2.2,NA,3.6,3.4,3.2,5,0,0,5,0,0,5,0,0,5,0,0,5,5,100,5,0,0,5,0,0,5,0,0
"54","TAG075","W2 Home Qs - Current V1",1,2,1,2,1,2,2,2,1,2,2,2,2,1,1,2,2,2,2,2,1,1,2,2,2,2,2,1,1,2,1,1,1,1,2,1,2,2,2,1,2,2,1,1,2,1,2,2,1,1,1,2,1,2,1,1,1,2,1,2,1,1,2,2,2,1,2,2,NA,1,1,NA,NA,NA,NA,NA,NA,NA,NA,NA,"Home","2018-05-17",4,3,2,3,NA,4,4,1,4,4,1,2,NA,4,4,3,4,4,2,1,NA,3,4,4,4,4,3,3,NA,4,2,4,4,3,3,2,NA,4,4,4,20,18,11,11,NA,19,18,16,4,3.6,2.2,2.2,NA,3.8,3.6,3.2,5,0,0,5,0,0,5,0,0,5,0,0,5,5,100,5,0,0,5,0,0,5,0,0
"55","TAG077","W2 Home Qs - Current V1",1,1,1,1,2,2,1,2,1,1,1,2,1,1,1,1,1,1,1,1,1,1,1,2,1,2,1,1,1,1,1,2,1,2,1,1,2,1,1,1,1,1,2,1,1,2,1,1,1,2,1,2,1,2,2,1,2,2,2,1,2,1,2,1,1,1,2,2,NA,2,2,NA,NA,NA,NA,NA,NA,NA,NA,NA,"Home","2019-01-26",4,1,3,4,NA,2,3,4,1,3,3,2,NA,2,2,2,4,1,3,2,NA,4,3,4,2,3,1,4,NA,2,1,4,4,1,4,4,NA,4,2,4,15,9,14,16,NA,14,11,18,3,1.8,2.8,3.2,NA,2.8,2.2,3.6,5,0,0,5,0,0,5,0,0,5,0,0,5,5,100,5,0,0,5,0,0,5,0,0
"56","TAG078","W2 Home Qs - Current V1",1,2,1,1,2,1,2,2,1,1,2,2,1,2,2,2,1,2,2,2,1,1,2,2,2,1,2,1,2,1,1,1,1,1,1,1,2,2,2,2,1,1,1,2,2,1,2,2,2,1,1,2,1,2,2,1,2,2,1,2,1,1,2,2,2,1,2,1,NA,1,1,NA,NA,NA,NA,NA,NA,NA,NA,NA,"Home","2018-05-05",4,3,2,3,NA,4,3,3,4,3,2,4,NA,3,4,3,4,3,2,3,NA,3,3,4,4,2,2,2,NA,4,3,4,4,1,3,2,NA,4,4,3,20,12,11,14,NA,18,17,17,4,2.4,2.2,2.8,NA,3.6,3.4,3.4,5,0,0,5,0,0,5,0,0,5,0,0,5,5,100,5,0,0,5,0,0,5,0,0
"57","TAG079","W2 Home Qs - Current V1",2,2,2,2,1,2,2,1,2,1,1,1,1,2,1,2,2,1,1,2,2,1,2,2,1,1,1,1,1,2,2,1,1,1,1,1,2,2,2,1,1,1,2,2,2,2,1,1,1,1,2,1,1,2,1,2,1,2,2,1,2,2,1,1,1,1,1,2,NA,1,1,NA,NA,NA,NA,NA,NA,NA,NA,NA,"Home","2018-06-08",2,3,1,2,NA,4,1,1,3,2,3,3,NA,4,2,4,4,2,3,1,NA,2,3,4,4,3,1,1,NA,2,2,2,4,3,4,4,NA,2,2,4,17,13,12,11,NA,14,10,15,3.4,2.6,2.4,2.2,NA,2.8,2,3,5,0,0,5,0,0,5,0,0,5,0,0,5,5,100,5,0,0,5,0,0,5,0,0
"58","TAG080","W2 Home Qs - Current V1",1,1,1,1,2,2,2,1,1,2,1,1,2,2,1,2,2,2,2,2,2,1,2,2,2,2,1,1,2,2,1,1,1,2,1,1,1,2,1,1,2,1,1,1,1,1,2,1,2,1,1,2,1,1,1,2,2,2,2,1,1,1,2,2,2,1,2,2,NA,2,2,NA,NA,NA,NA,NA,NA,NA,NA,NA,"Home","2018-08-19",3,4,4,4,NA,2,3,4,3,4,4,3,NA,4,4,4,4,4,3,4,NA,3,3,3,3,4,2,3,NA,3,3,4,3,4,4,3,NA,4,4,4,16,20,17,17,NA,16,17,19,3.2,4,3.4,3.4,NA,3.2,3.4,3.8,5,0,0,5,0,0,5,0,0,5,0,0,5,5,100,5,0,0,5,0,0,5,0,0
"59","TAG081","W2 Home Qs - Current V1",2,2,1,1,1,1,1,1,2,1,2,1,2,1,1,2,2,2,1,2,1,1,2,1,2,2,2,2,1,1,2,1,1,1,2,1,1,1,1,1,1,1,1,2,1,2,2,2,1,1,1,1,2,1,2,1,2,2,2,2,2,1,2,2,2,2,1,2,NA,1,1,NA,NA,NA,NA,NA,NA,NA,NA,NA,"Home","2019-03-09",2,3,3,2,NA,4,3,2,2,2,1,2,NA,4,3,3,3,4,1,2,NA,2,4,3,2,3,2,1,NA,4,2,3,2,1,4,1,NA,4,4,1,11,13,11,8,NA,18,16,12,2.2,2.6,2.2,1.6,NA,3.6,3.2,2.4,5,0,0,5,0,0,5,0,0,5,0,0,5,5,100,5,0,0,5,0,0,5,0,0
"60","TAG084","W2 Home Qs - Current V1",1,1,1,2,2,1,2,2,1,1,1,1,2,1,1,1,2,2,2,2,1,1,2,2,2,1,1,1,2,1,2,1,1,2,2,2,2,2,2,1,2,2,1,1,1,1,2,1,2,2,2,1,1,2,1,2,1,2,2,2,1,1,1,2,2,1,2,1,NA,1,1,NA,NA,NA,NA,NA,NA,NA,NA,NA,"Home","2017-11-27",3,4,4,3,NA,3,4,3,4,3,4,2,NA,1,4,3,4,3,3,3,NA,2,4,1,4,4,3,3,NA,3,4,2,4,3,4,2,NA,3,4,3,19,17,18,13,NA,12,20,12,3.8,3.4,3.6,2.6,NA,2.4,4,2.4,5,0,0,5,0,0,5,0,0,5,0,0,5,5,100,5,0,0,5,0,0,5,0,0
"61","TAG085","W2 Home Qs - Current V1",2,1,2,2,1,2,1,1,1,2,2,1,1,1,1,2,2,1,1,1,1,1,2,1,2,1,2,2,1,2,2,1,1,1,1,2,2,2,2,1,1,1,1,2,1,2,2,2,1,2,2,2,1,2,1,1,1,2,1,2,1,1,2,2,1,1,1,1,NA,2,1,NA,NA,NA,NA,NA,NA,NA,NA,NA,"Home","2018-02-02",2,3,3,1,NA,3,1,1,2,4,2,2,NA,4,2,2,3,3,1,1,NA,2,3,1,4,3,2,1,NA,4,1,1,4,3,3,2,NA,4,3,3,15,16,11,7,NA,17,10,8,3,3.2,2.2,1.4,NA,3.4,2,1.6,5,0,0,5,0,0,5,0,0,5,0,0,5,5,100,5,0,0,5,0,0,5,0,0
"62","TAG086","W2 Home Qs - Current V1",2,1,1,1,1,1,2,1,1,1,2,1,1,1,1,2,1,2,1,1,1,1,2,1,2,1,2,1,1,1,1,1,1,1,1,1,1,2,1,1,1,1,1,1,2,1,2,1,2,1,1,1,1,1,1,2,1,1,1,1,1,1,1,2,1,1,2,1,NA,1,2,NA,NA,NA,NA,NA,NA,NA,NA,NA,"Home","2017-11-26",2,3,1,3,NA,2,3,2,3,3,2,2,NA,3,3,2,3,3,2,2,NA,3,3,3,3,3,2,3,NA,3,3,3,3,3,2,3,NA,3,3,3,14,15,9,13,NA,14,15,13,2.8,3,1.8,2.6,NA,2.8,3,2.6,5,0,0,5,0,0,5,0,0,5,0,0,5,5,100,5,0,0,5,0,0,5,0,0
"63","TAG087","W2 Home Qs - Current V1",1,2,1,2,2,2,1,1,1,2,1,1,1,2,2,2,2,2,2,2,2,1,2,2,2,2,1,1,2,2,1,2,1,2,2,1,2,2,2,1,2,2,2,1,1,1,2,2,2,2,1,2,1,2,1,2,1,2,1,1,2,1,2,2,2,1,2,2,NA,2,1,NA,NA,NA,NA,NA,NA,NA,NA,NA,"Home","2019-05-24",3,4,4,4,NA,4,4,4,2,4,3,4,NA,4,4,4,4,4,3,4,NA,4,4,4,4,4,4,3,NA,4,4,4,4,3,3,4,NA,4,4,4,17,19,17,19,NA,20,20,20,3.4,3.8,3.4,3.8,NA,4,4,4,5,0,0,5,0,0,5,0,0,5,0,0,5,5,100,5,0,0,5,0,0,5,0,0
"64","TAG088","W2 Home Qs - Current V1",1,1,2,1,2,1,1,1,1,2,1,1,1,2,1,2,1,2,1,2,1,1,1,1,2,2,1,1,2,1,1,1,1,1,1,1,1,2,1,1,1,2,2,1,1,1,2,2,2,1,1,2,1,1,1,2,1,2,2,1,1,1,1,2,1,1,2,1,NA,1,1,NA,NA,NA,NA,NA,NA,NA,NA,NA,"Home","2018-04-16",3,2,4,3,NA,3,2,3,2,4,3,3,NA,3,3,3,3,4,3,3,NA,3,3,3,3,3,4,3,NA,4,3,4,3,3,4,3,NA,3,3,3,14,16,18,15,NA,16,14,16,2.8,3.2,3.6,3,NA,3.2,2.8,3.2,5,0,0,5,0,0,5,0,0,5,0,0,5,5,100,5,0,0,5,0,0,5,0,0
"65","TAG089","W2 Home Qs - Current V1",2,2,1,2,2,2,2,1,2,2,2,1,2,1,1,1,2,2,2,2,1,2,1,1,2,2,2,1,1,1,2,1,1,1,2,1,1,1,1,1,2,2,1,2,2,1,1,1,2,1,2,1,1,2,2,1,1,1,1,2,1,2,1,2,2,2,1,1,NA,1,1,NA,NA,NA,NA,NA,NA,NA,NA,NA,"Home","2017-12-07",2,2,2,2,NA,4,4,4,3,1,1,2,NA,1,4,3,2,4,2,2,NA,2,4,3,2,4,3,2,NA,2,3,2,4,2,2,2,NA,2,4,2,13,13,10,10,NA,11,19,14,2.6,2.6,2,2,NA,2.2,3.8,2.8,5,0,0,5,0,0,5,0,0,5,0,0,5,5,100,5,0,0,5,0,0,5,0,0
"66","TAG090","W2 Home Qs - Current V1",2,2,1,2,1,1,2,1,1,2,1,2,1,2,1,2,2,2,2,2,1,1,2,2,2,1,1,1,2,1,1,1,1,2,2,1,1,2,1,1,2,2,1,2,1,2,2,2,2,2,1,1,2,2,1,1,1,2,1,2,1,1,2,2,2,1,2,1,NA,1,1,NA,NA,NA,NA,NA,NA,NA,NA,NA,"Home","2017-12-27",1,4,3,3,NA,4,4,2,3,4,3,3,NA,4,4,3,4,3,3,3,NA,3,4,3,3,4,3,1,NA,4,4,3,1,3,3,2,NA,4,4,3,12,18,15,12,NA,19,20,14,2.4,3.6,3,2.4,NA,3.8,4,2.8,5,0,0,5,0,0,5,0,0,5,0,0,5,5,100,5,0,0,5,0,0,5,0,0
"67","TAG091","W2 - Home Qs - Current V1 IN LAB",2,1,1,1,1,1,1,2,2,1,2,1,2,1,2,1,2,2,1,2,2,2,2,2,2,1,2,2,1,2,1,1,1,1,2,2,2,1,2,1,1,1,2,2,2,2,1,2,1,2,2,1,2,2,1,2,1,1,2,2,2,2,2,2,1,2,1,2,NA,2,2,NA,NA,NA,NA,NA,NA,NA,NA,NA,"Home","2018-09-16",2,3,1,1,NA,2,3,2,1,2,1,1,NA,1,3,4,1,3,1,1,NA,3,4,1,1,3,1,1,NA,1,1,2,1,3,1,1,NA,1,3,1,6,14,5,5,NA,8,14,10,1.2,2.8,1,1,NA,1.6,2.8,2,5,0,0,5,0,0,5,0,0,5,0,0,5,5,100,5,0,0,5,0,0,5,0,0
"68","TAG093","W2 Home Qs - Current V1",2,2,1,1,2,2,2,1,1,2,2,1,1,2,2,2,2,2,2,2,2,1,2,2,2,2,1,1,2,2,1,2,1,1,2,1,2,1,1,1,2,1,1,1,1,2,1,2,2,2,1,2,1,1,1,1,1,1,2,1,2,1,2,1,2,1,2,2,NA,2,1,NA,NA,NA,NA,NA,NA,NA,NA,NA,"Home","2018-03-09",2,3,3,4,NA,4,3,4,3,4,2,4,NA,4,4,4,4,4,3,4,NA,4,4,4,2,4,2,4,NA,1,4,4,3,3,1,4,NA,4,1,4,14,18,11,20,NA,17,16,20,2.8,3.6,2.2,4,NA,3.4,3.2,4,5,0,0,5,0,0,5,0,0,5,0,0,5,5,100,5,0,0,5,0,0,5,0,0
"69","TAG094","W2 Home Qs - Current V1",1,2,1,2,2,2,2,2,1,1,1,2,1,2,2,2,2,2,2,2,2,1,2,2,2,2,1,1,2,2,1,2,1,2,2,1,2,2,2,1,2,2,1,1,1,2,2,2,2,2,1,2,1,2,1,2,1,2,2,1,2,1,2,2,2,1,2,2,NA,2,1,NA,NA,NA,NA,NA,NA,NA,NA,NA,"Home","2017-11-25",4,4,4,4,NA,4,4,4,4,3,3,4,NA,4,4,4,4,4,3,4,NA,4,4,4,4,4,3,4,NA,4,4,4,4,3,4,4,NA,4,4,4,20,18,17,20,NA,20,20,20,4,3.6,3.4,4,NA,4,4,4,5,0,0,5,0,0,5,0,0,5,0,0,5,5,100,5,0,0,5,0,0,5,0,0
"70","TAG095","W2 Home Qs - Current V1",1,2,2,1,1,1,2,1,2,1,1,1,2,2,1,2,2,2,1,1,1,1,2,2,2,1,1,2,2,1,1,1,1,1,1,1,2,2,1,1,1,2,2,2,1,1,2,2,1,1,1,2,1,1,1,2,1,2,2,1,1,1,2,2,1,1,2,2,NA,1,1,NA,NA,NA,NA,NA,NA,NA,NA,NA,"Home","2018-12-02",3,3,4,3,NA,4,2,2,3,2,4,3,NA,4,3,2,4,3,4,3,NA,3,3,4,3,3,4,2,NA,4,2,4,3,3,4,3,NA,4,3,4,16,14,20,14,NA,19,13,16,3.2,2.8,4,2.8,NA,3.8,2.6,3.2,5,0,0,5,0,0,5,0,0,5,0,0,5,5,100,5,0,0,5,0,0,5,0,0
"71","TAG098","W2 Home Qs - Current V1",1,2,2,2,2,1,2,2,2,1,1,2,2,2,2,2,2,1,1,2,2,1,1,2,2,1,1,1,2,2,1,2,2,1,1,1,2,2,2,1,2,2,2,1,1,1,2,2,1,1,1,2,1,2,2,2,2,2,2,1,2,1,2,1,1,1,2,2,NA,2,1,NA,NA,NA,NA,NA,NA,NA,NA,NA,"Home","2018-04-26",4,2,4,4,NA,4,1,3,4,2,4,4,NA,4,2,4,4,3,3,4,NA,4,2,4,4,4,4,3,NA,4,2,4,4,1,4,4,NA,4,2,4,20,12,19,19,NA,20,9,19,4,2.4,3.8,3.8,NA,4,1.8,3.8,5,0,0,5,0,0,5,0,0,5,0,0,5,5,100,5,0,0,5,0,0,5,0,0
"72","TAG099","W2 Home Qs - Current V1",1,1,1,2,2,1,2,1,1,2,2,1,1,1,1,2,1,2,2,2,2,1,2,1,2,2,1,1,1,1,1,1,1,2,2,1,1,2,1,1,1,2,1,1,1,2,2,1,2,1,1,2,2,1,2,1,1,2,1,1,2,1,2,2,2,1,2,2,NA,1,1,NA,NA,NA,NA,NA,NA,NA,NA,NA,"Home","2018-08-02",3,4,3,3,NA,3,4,3,3,4,2,2,NA,3,4,4,3,4,3,2,NA,3,4,3,3,3,3,4,NA,3,3,4,2,2,3,4,NA,4,4,4,14,17,14,15,NA,16,19,18,2.8,3.4,2.8,3,NA,3.2,3.8,3.6,5,0,0,5,0,0,5,0,0,5,0,0,5,5,100,5,0,0,5,0,0,5,0,0
"73","TAG100","W2 Home Qs - Current V1",1,2,1,2,2,2,1,1,1,2,1,2,2,2,2,2,2,2,2,2,2,1,2,2,2,2,2,2,2,2,1,2,1,2,2,1,2,1,1,1,2,2,1,1,1,1,2,2,1,2,1,2,1,2,1,2,2,2,2,1,2,1,2,2,2,1,2,2,NA,2,1,NA,NA,NA,NA,NA,NA,NA,NA,NA,"Home","2018-04-08",4,4,4,4,NA,4,4,4,2,4,4,4,NA,4,4,4,4,4,1,4,NA,4,4,4,2,4,3,3,NA,4,1,4,4,4,4,4,NA,4,4,4,16,20,16,19,NA,20,17,20,3.2,4,3.2,3.8,NA,4,3.4,4,5,0,0,5,0,0,5,0,0,5,0,0,5,5,100,5,0,0,5,0,0,5,0,0
"74","TAG101","W2 Home Qs - Current V1",1,2,1,2,1,1,1,1,1,1,2,2,2,1,1,2,2,2,2,2,2,1,2,2,2,2,2,1,1,1,1,2,1,1,2,1,1,2,2,1,2,2,1,1,2,1,2,2,2,1,1,2,1,2,2,2,1,1,1,1,1,1,2,2,2,1,2,1,NA,1,1,NA,NA,NA,NA,NA,NA,NA,NA,NA,"Home","2018-09-12",4,3,1,3,NA,4,4,2,2,3,1,2,NA,4,4,4,4,4,2,2,NA,4,4,3,4,4,3,3,NA,4,3,4,4,2,2,3,NA,4,4,3,18,16,9,13,NA,20,19,16,3.6,3.2,1.8,2.6,NA,4,3.8,3.2,5,0,0,5,0,0,5,0,0,5,0,0,5,5,100,5,0,0,5,0,0,5,0,0
"75","TAG102","W2 Home Qs - Current V1",2,1,1,2,1,1,1,1,1,2,2,2,2,2,2,1,2,2,2,1,1,2,2,2,2,2,2,1,2,2,2,1,1,2,2,1,1,1,2,1,2,1,2,1,2,2,1,2,1,2,1,2,2,2,1,1,2,2,2,1,2,2,1,2,2,1,2,1,NA,2,2,NA,NA,NA,NA,NA,NA,NA,NA,NA,"Home","2018-05-16",1,4,2,4,NA,2,4,2,2,4,1,4,NA,1,4,2,1,4,2,4,NA,2,4,3,1,4,1,4,NA,1,1,4,1,4,4,4,NA,2,4,3,6,20,10,20,NA,8,17,14,1.2,4,2,4,NA,1.6,3.4,2.8,5,0,0,5,0,0,5,0,0,5,0,0,5,5,100,5,0,0,5,0,0,5,0,0
"76","TAG104","W2 Home Qs - Current V1",2,2,1,2,1,2,2,1,1,2,2,2,2,1,2,1,2,2,1,2,1,2,1,1,1,2,2,2,1,2,2,2,1,2,2,2,2,2,1,1,2,1,2,2,2,2,2,2,1,1,2,2,2,2,2,2,2,1,2,2,2,1,2,2,2,2,1,2,NA,2,1,NA,NA,NA,NA,NA,NA,NA,NA,NA,"Home","2018-04-13",1,1,1,1,NA,4,4,1,3,4,1,1,NA,1,3,3,2,1,1,1,NA,1,4,1,3,4,1,1,NA,4,2,1,1,1,1,1,NA,4,4,1,10,11,5,5,NA,14,17,7,2,2.2,1,1,NA,2.8,3.4,1.4,5,0,0,5,0,0,5,0,0,5,0,0,5,5,100,5,0,0,5,0,0,5,0,0
"77","TAG105","W2 Home Qs - Current V1",2,2,1,2,2,1,2,2,1,1,2,1,1,1,1,2,2,2,2,2,1,1,2,1,2,2,2,1,1,1,2,1,1,2,2,1,2,2,2,1,1,2,2,1,2,1,2,1,2,2,2,1,1,2,2,1,1,2,1,2,1,1,2,2,2,2,2,1,NA,1,1,NA,NA,NA,NA,NA,NA,NA,NA,NA,"Home","2018-05-03",2,4,2,3,NA,4,4,3,4,3,2,2,NA,4,4,3,3,4,2,2,NA,2,4,4,4,3,4,3,NA,3,4,2,4,2,3,2,NA,4,4,2,17,16,13,12,NA,17,20,14,3.4,3.2,2.6,2.4,NA,3.4,4,2.8,5,0,0,5,0,0,5,0,0,5,0,0,5,5,100,5,0,0,5,0,0,5,0,0
"78","TAG107","W2 Home Qs - Current V1",2,2,1,1,1,1,1,2,1,1,2,1,1,1,1,2,2,2,1,1,1,2,2,1,2,1,2,1,1,1,1,1,1,1,2,2,1,1,1,1,2,2,1,2,2,1,2,2,2,1,1,1,2,1,1,1,1,1,1,2,1,1,2,2,1,1,1,1,NA,1,1,NA,NA,NA,NA,NA,NA,NA,NA,NA,"Home","2018-11-11",2,3,2,2,NA,4,3,2,1,3,2,2,NA,4,3,2,2,3,2,2,NA,3,4,2,2,4,3,2,NA,4,3,3,2,3,2,2,NA,4,3,3,9,16,11,10,NA,19,16,12,1.8,3.2,2.2,2,NA,3.8,3.2,2.4,5,0,0,5,0,0,5,0,0,5,0,0,5,5,100,5,0,0,5,0,0,5,0,0
"79","TAG110","W2 Home Qs - Current V1",2,1,1,1,1,2,1,1,1,2,1,1,2,1,2,1,2,1,2,1,1,2,2,1,2,2,1,1,1,2,2,2,1,2,1,2,2,1,2,1,2,2,2,2,2,2,1,2,2,2,2,2,1,2,1,1,2,2,2,2,2,2,2,2,2,2,1,2,NA,1,2,NA,NA,NA,NA,NA,NA,NA,NA,NA,"Home","2018-12-16",2,4,2,2,NA,2,3,1,2,4,4,1,NA,1,1,2,2,4,3,1,NA,1,3,1,1,4,4,1,NA,1,4,1,4,4,4,1,NA,1,4,1,11,20,17,6,NA,6,15,6,2.2,4,3.4,1.2,NA,1.2,3,1.2,5,0,0,5,0,0,5,0,0,5,0,0,5,5,100,5,0,0,5,0,0,5,0,0
"80","TAG111","W2 - Home Qs - Current V1 IN LAB",1,1,1,1,2,2,2,2,1,1,1,1,2,2,2,2,2,2,2,2,1,1,2,2,2,2,1,2,2,1,1,1,1,1,2,1,1,2,2,1,1,2,1,1,1,1,2,1,2,1,1,2,1,1,1,2,1,2,1,1,1,1,2,2,1,1,2,2,NA,2,1,NA,NA,NA,NA,NA,NA,NA,NA,NA,"Home","2018-07-28",3,3,4,4,NA,3,3,4,4,3,4,4,NA,4,4,3,4,4,4,3,NA,3,4,3,4,3,3,3,NA,3,3,4,3,3,3,3,NA,4,3,4,18,16,18,17,NA,17,17,18,3.6,3.2,3.6,3.4,NA,3.4,3.4,3.6,5,0,0,5,0,0,5,0,0,5,0,0,5,5,100,5,0,0,5,0,0,5,0,0
"81","TAG112","W2 - Home Qs - Current V1 IN LAB",2,1,2,1,1,1,2,2,2,2,2,2,2,1,1,2,2,2,1,2,1,1,2,2,2,1,2,2,1,1,1,1,2,1,1,1,1,2,1,1,1,1,1,2,2,1,2,2,1,1,2,1,1,1,2,2,1,1,1,2,1,1,1,2,1,1,1,1,NA,1,1,NA,NA,NA,NA,NA,NA,NA,NA,NA,"Home","2018-08-31",1,3,1,2,NA,3,2,2,4,1,1,2,NA,4,3,3,4,3,1,2,NA,3,2,3,3,3,2,2,NA,4,2,2,3,2,2,2,NA,3,3,3,15,12,7,10,NA,17,12,13,3,2.4,1.4,2,NA,3.4,2.4,2.6,5,0,0,5,0,0,5,0,0,5,0,0,5,5,100,5,0,0,5,0,0,5,0,0
"82","TAG113","W2 - Home Qs - Current V1 IN LAB",2,1,2,1,1,1,1,1,1,1,2,1,2,1,2,2,1,1,1,2,1,2,2,1,2,1,2,2,1,1,2,1,1,1,1,2,1,1,1,1,1,2,1,2,2,1,2,1,2,1,2,1,1,1,1,2,1,1,1,2,2,1,1,1,1,2,1,1,NA,1,1,NA,NA,NA,NA,NA,NA,NA,NA,NA,"Home","2018-07-30",2,3,1,2,NA,3,2,2,2,3,1,1,NA,3,2,3,2,3,1,2,NA,2,3,2,2,3,3,2,NA,3,3,2,3,3,2,1,NA,3,2,2,11,15,8,8,NA,14,12,11,2.2,3,1.6,1.6,NA,2.8,2.4,2.2,5,0,0,5,0,0,5,0,0,5,0,0,5,5,100,5,0,0,5,0,0,5,0,0
"83","TAG114","W2 - Home Qs - Current V1 IN LAB",1,2,2,2,1,2,1,1,2,2,2,1,2,1,1,1,1,1,1,1,1,1,1,1,1,1,2,1,1,1,2,2,2,2,2,2,2,2,2,2,1,1,2,2,2,2,1,1,1,2,2,2,2,2,2,2,2,1,1,2,2,2,1,1,2,2,1,2,NA,2,2,NA,NA,NA,NA,NA,NA,NA,NA,NA,"Home","2018-07-16",3,1,1,1,NA,1,1,1,2,1,1,2,NA,2,2,2,3,2,2,2,NA,1,1,1,4,2,1,1,NA,2,1,1,1,1,2,1,NA,2,1,1,13,7,7,7,NA,8,6,6,2.6,1.4,1.4,1.4,NA,1.6,1.2,1.2,5,0,0,5,0,0,5,0,0,5,0,0,5,5,100,5,0,0,5,0,0,5,0,0
"84","TAG116","W2 Home Qs - Current V2",1,2,1,2,2,2,1,1,1,2,2,2,1,2,2,1,1,2,2,2,2,1,2,2,2,2,2,1,2,1,1,2,1,1,2,1,2,2,2,1,2,2,2,1,2,2,2,2,2,2,1,2,1,2,1,1,1,1,1,1,1,1,2,2,2,1,2,2,NA,2,1,NA,NA,NA,NA,NA,NA,NA,NA,NA,"Home","2019-06-15",4,3,2,4,NA,4,4,4,2,4,2,4,NA,2,4,4,4,4,2,3,NA,4,4,4,4,4,4,4,NA,4,4,4,4,3,2,3,NA,4,4,4,18,18,12,18,NA,18,20,20,3.6,3.6,2.4,3.6,NA,3.6,4,4,5,0,0,5,0,0,5,0,0,5,0,0,5,5,100,5,0,0,5,0,0,5,0,0
"85","TAG117","W2 Home Qs - Current V1",2,2,1,2,1,2,1,2,2,2,2,1,2,1,1,2,2,2,2,1,1,2,2,2,2,1,2,2,1,1,2,1,2,1,1,2,2,1,2,2,1,1,2,2,2,1,2,2,1,2,2,1,2,2,2,2,2,1,2,2,1,1,2,2,2,2,1,1,NA,1,1,NA,NA,NA,NA,NA,NA,NA,NA,NA,"Home","2018-07-16",2,3,1,2,NA,4,4,1,1,1,1,2,NA,4,4,2,1,3,1,2,NA,2,2,1,1,2,1,2,NA,4,1,2,1,1,1,2,NA,4,4,2,6,10,5,10,NA,18,15,8,1.2,2,1,2,NA,3.6,3,1.6,5,0,0,5,0,0,5,0,0,5,0,0,5,5,100,5,0,0,5,0,0,5,0,0
"86","TAG119","W2 Home Qs - Current V1",1,2,2,1,2,2,1,2,2,2,2,1,2,2,2,2,1,1,1,2,2,1,1,1,1,1,2,2,2,2,2,1,2,1,2,1,2,1,2,2,2,1,2,1,2,2,2,2,1,2,1,2,1,1,2,2,2,1,2,1,2,1,2,1,2,1,2,2,NA,2,1,NA,NA,NA,NA,NA,NA,NA,NA,NA,"Home","2018-04-15",3,2,1,4,NA,4,2,4,1,1,1,4,NA,3,2,4,3,2,1,4,NA,2,1,4,1,1,1,4,NA,4,1,4,3,1,1,4,NA,4,1,4,11,7,5,20,NA,17,7,20,2.2,1.4,1,4,NA,3.4,1.4,4,5,0,0,5,0,0,5,0,0,5,0,0,5,5,100,5,0,0,5,0,0,5,0,0
"87","TAG120","W2 Home Qs - Current V1",1,2,1,2,1,1,1,2,1,2,1,1,1,1,1,1,1,2,2,2,2,1,2,1,2,2,1,1,1,2,1,1,1,2,2,1,1,1,1,1,2,2,2,1,1,1,1,1,2,2,1,1,1,1,1,1,1,2,2,1,1,1,1,2,2,1,1,1,NA,1,1,NA,NA,NA,NA,NA,NA,NA,NA,NA,"Home","2019-05-04",3,4,3,2,NA,4,4,2,1,4,3,2,NA,2,4,4,3,4,3,1,NA,3,4,3,2,4,4,3,NA,2,4,3,3,3,4,3,NA,3,4,3,12,19,17,11,NA,14,20,15,2.4,3.8,3.4,2.2,NA,2.8,4,3,5,0,0,5,0,0,5,0,0,5,0,0,5,5,100,5,0,0,5,0,0,5,0,0
"88","TAG124","W2 Home Qs - Current V1",1,2,1,2,2,2,2,2,1,1,1,2,1,2,2,1,1,2,2,2,2,1,2,2,2,1,1,1,1,1,1,2,1,2,2,1,2,2,2,1,2,1,2,1,2,2,2,2,2,2,1,2,1,2,1,2,1,1,2,1,2,1,2,2,2,1,2,2,NA,2,1,NA,NA,NA,NA,NA,NA,NA,NA,NA,"Home","2019-04-27",4,4,1,4,NA,4,4,4,4,3,3,4,NA,2,4,4,4,3,3,2,NA,4,4,4,4,4,1,4,NA,4,4,4,4,3,1,4,NA,4,4,4,20,17,9,18,NA,18,20,20,4,3.4,1.8,3.6,NA,3.6,4,4,5,0,0,5,0,0,5,0,0,5,0,0,5,5,100,5,0,0,5,0,0,5,0,0
"89","TAG125","W2 Home Qs - Current V1",1,1,1,1,2,1,2,1,1,2,1,1,2,1,1,1,1,2,1,2,1,1,2,1,2,2,1,1,1,1,1,1,1,2,1,1,1,2,1,1,2,2,2,1,1,2,2,1,2,1,2,1,1,2,1,2,1,2,2,1,1,1,1,2,1,1,2,1,NA,1,1,NA,NA,NA,NA,NA,NA,NA,NA,NA,"Home","2019-05-12",3,4,4,3,NA,3,3,3,3,4,4,2,NA,2,3,3,3,4,3,2,NA,3,3,3,3,4,4,4,NA,3,3,2,4,3,4,3,NA,3,3,3,16,19,19,14,NA,14,15,14,3.2,3.8,3.8,2.8,NA,2.8,3,2.8,5,0,0,5,0,0,5,0,0,5,0,0,5,5,100,5,0,0,5,0,0,5,0,0
"90","TAG130","W2 - Home Qs - Current V1 IN LAB",2,2,1,2,1,2,1,2,1,1,1,1,2,1,2,2,2,2,NA,2,1,1,2,1,2,1,1,1,1,2,2,1,1,1,1,2,2,2,2,2,1,2,1,2,1,1,1,1,2,1,1,2,1,1,2,2,2,2,2,1,1,1,2,2,2,1,2,1,NA,1,1,NA,NA,NA,NA,NA,NA,NA,NA,NA,"Home","2018-05-26",2,3,4,3,NA,4,4,1,1,3,4,1,NA,4,NA,3,3,3,3,1,NA,2,3,1,4,2,3,2,NA,2,3,4,3,1,4,3,NA,4,4,3,13,12,18,10,NA,16,NA,12,2.6,2.4,3.6,2,NA,3.2,3.5,2.4,5,0,0,5,0,0,5,0,0,5,0,0,5,5,100,5,0,0,5,1,20,5,0,0
"91","TAG131","W2 Home Qs - Current V1",2,2,1,2,1,2,2,1,1,2,1,1,1,1,1,2,2,2,2,2,1,1,1,2,2,2,2,1,1,1,1,2,1,2,2,1,1,2,1,1,2,2,1,2,1,1,2,2,2,1,1,1,1,1,1,2,1,2,1,2,1,1,2,2,2,1,1,1,NA,1,1,NA,NA,NA,NA,NA,NA,NA,NA,NA,"Home","2018-09-06",2,1,4,2,NA,4,4,1,3,4,3,2,NA,4,4,3,4,4,2,2,NA,4,4,3,3,4,3,2,NA,4,3,3,3,3,3,2,NA,4,4,3,15,16,15,10,NA,20,19,13,3,3.2,3,2,NA,4,3.8,2.6,5,0,0,5,0,0,5,0,0,5,0,0,5,5,100,5,0,0,5,0,0,5,0,0
"92","TAG132","W2 - Home Qs - Current V1 IN LAB",1,2,1,2,2,2,2,2,1,2,1,2,1,1,1,2,2,2,2,2,2,1,2,2,2,2,1,1,1,1,1,2,1,2,2,1,2,2,2,1,2,2,1,1,1,2,1,1,2,2,1,2,1,2,1,2,2,1,2,1,2,1,2,2,2,1,2,2,NA,2,1,NA,NA,NA,NA,NA,NA,NA,NA,NA,"Home","2018-09-16",4,4,4,4,NA,4,4,4,4,4,3,2,NA,4,4,4,4,4,3,2,NA,4,4,4,4,4,3,4,NA,2,4,4,4,4,1,4,NA,4,4,4,20,20,14,16,NA,18,20,20,4,4,2.8,3.2,NA,3.6,4,4,5,0,0,5,0,0,5,0,0,5,0,0,5,5,100,5,0,0,5,0,0,5,0,0
"93","TAG140","W2 Home Qs - Current V1",1,1,1,2,1,1,1,1,1,1,2,1,1,1,1,2,1,2,2,1,1,1,1,1,1,1,2,1,1,1,2,1,1,1,1,1,1,1,1,2,2,1,1,2,2,1,2,1,2,2,2,1,2,1,2,1,2,1,2,2,1,1,1,2,2,1,2,1,NA,1,1,NA,NA,NA,NA,NA,NA,NA,NA,NA,"Home","2018-05-31",3,2,2,3,NA,3,4,2,2,3,2,2,NA,3,4,2,3,2,2,2,NA,2,3,3,2,1,2,2,NA,3,4,2,2,1,1,2,NA,3,4,3,12,9,9,11,NA,14,19,12,2.4,1.8,1.8,2.2,NA,2.8,3.8,2.4,5,0,0,5,0,0,5,0,0,5,0,0,5,5,100,5,0,0,5,0,0,5,0,0
"94","TAG143","W2 Home Qs - Current V1",2,2,1,2,1,1,1,2,1,1,2,1,2,1,2,2,2,2,2,2,1,2,2,2,2,2,2,1,1,2,1,2,1,2,2,1,1,1,2,1,1,1,1,2,1,1,2,2,2,2,2,1,2,1,2,1,1,2,2,2,1,1,2,2,2,2,1,1,NA,1,1,NA,NA,NA,NA,NA,NA,NA,NA,NA,"Home","2018-05-04",2,4,3,2,NA,4,4,2,1,3,1,1,NA,4,4,3,1,4,2,1,NA,4,4,3,1,3,2,2,NA,4,4,2,2,2,4,2,NA,4,4,2,7,16,12,8,NA,20,20,12,1.4,3.2,2.4,1.6,NA,4,4,2.4,5,0,0,5,0,0,5,0,0,5,0,0,5,5,100,5,0,0,5,0,0,5,0,0
"95","TAG147","W2 Home Qs - Current V2",1,2,1,1,2,1,2,2,1,1,1,2,1,2,1,2,2,2,1,2,2,1,2,2,2,1,1,1,2,1,1,2,1,1,1,1,2,2,2,1,1,2,2,1,1,1,2,2,2,2,1,2,1,2,2,2,1,2,1,1,1,1,2,2,1,1,2,2,NA,1,1,NA,NA,NA,NA,NA,NA,NA,NA,NA,"Home","2019-10-12",4,3,4,3,NA,4,3,3,4,3,3,3,NA,4,3,4,4,3,3,3,NA,4,3,4,4,3,4,3,NA,4,4,4,4,2,3,3,NA,4,3,4,20,14,17,15,NA,20,16,19,4,2.8,3.4,3,NA,4,3.2,3.8,5,0,0,5,0,0,5,0,0,5,0,0,5,5,100,5,0,0,5,0,0,5,0,0
"96","TAG149","W2 Home Qs - Current V1",1,2,1,2,2,1,1,1,1,1,2,1,1,2,2,2,2,2,2,2,2,1,1,2,2,2,2,1,2,2,1,1,1,1,2,1,2,2,1,2,1,2,1,1,1,1,2,2,2,1,1,2,1,2,2,1,2,2,1,1,1,1,2,2,1,1,2,2,NA,1,1,NA,NA,NA,NA,NA,NA,NA,NA,NA,"Home","2018-01-01",3,2,3,3,NA,4,4,3,2,3,2,4,NA,4,4,4,4,4,2,4,NA,3,4,4,3,2,3,3,NA,4,3,4,4,1,3,3,NA,4,3,4,16,12,13,17,NA,19,18,19,3.2,2.4,2.6,3.4,NA,3.8,3.6,3.8,5,0,0,5,0,0,5,0,0,5,0,0,5,5,100,5,0,0,5,0,0,5,0,0
"97","TAG159","W2 Home Qs - Current V1",2,1,2,1,2,1,2,1,1,1,2,1,1,1,1,1,1,1,1,1,1,1,2,2,2,2,1,1,1,1,1,1,1,1,2,1,1,2,1,1,1,1,1,2,1,1,1,1,1,1,1,2,1,1,1,1,1,2,1,2,1,1,1,2,2,2,1,1,NA,1,1,NA,NA,NA,NA,NA,NA,NA,NA,NA,"Home","2018-02-24",2,3,3,2,NA,3,2,3,3,3,2,2,NA,2,2,2,4,4,3,2,NA,3,4,3,3,3,2,2,NA,2,2,4,3,3,3,2,NA,3,4,2,15,16,13,10,NA,13,14,14,3,3.2,2.6,2,NA,2.6,2.8,2.8,5,0,0,5,0,0,5,0,0,5,0,0,5,5,100,5,0,0,5,0,0,5,0,0
"98","TAG160","W2 Home Qs - Current V1",1,2,2,1,2,2,2,1,1,2,1,2,2,2,2,2,2,2,2,2,2,1,1,2,2,2,1,1,2,2,1,2,1,1,2,1,2,2,2,1,2,2,2,1,1,2,2,2,2,2,1,2,1,1,1,1,2,2,1,1,2,1,2,2,2,1,2,2,NA,2,1,NA,NA,NA,NA,NA,NA,NA,NA,NA,"Home","2018-03-10",4,2,3,4,NA,4,2,4,3,4,4,4,NA,4,4,4,4,4,3,4,NA,4,4,4,4,4,4,4,NA,4,4,4,3,4,3,4,NA,4,4,4,18,18,17,20,NA,20,18,20,3.6,3.6,3.4,4,NA,4,3.6,4,5,0,0,5,0,0,5,0,0,5,0,0,5,5,100,5,0,0,5,0,0,5,0,0
"99","TAG166","W2 - Home Qs - Current V1 IN LAB",1,1,1,2,2,2,1,1,2,1,1,1,1,2,1,2,1,1,1,2,2,1,1,1,1,1,1,1,2,1,2,1,1,2,1,1,1,2,1,2,1,1,2,1,1,2,2,2,1,1,2,2,1,1,2,1,2,2,1,1,1,1,1,2,2,1,2,1,NA,1,1,NA,NA,NA,NA,NA,NA,NA,NA,NA,"Home","2017-09-28",3,1,3,3,NA,3,4,4,2,2,3,3,NA,3,2,4,3,2,3,3,NA,2,3,3,3,2,1,4,NA,4,2,1,3,1,3,3,NA,3,4,3,14,8,13,16,NA,15,15,15,2.8,1.6,2.6,3.2,NA,3,3,3,5,0,0,5,0,0,5,0,0,5,0,0,5,5,100,5,0,0,5,0,0,5,0,0
"100","TAG166","W2 Home Qs - Current V1",1,2,1,1,1,1,1,1,2,2,2,2,2,2,1,2,2,2,1,2,1,1,2,2,2,1,2,2,2,1,2,1,2,1,1,1,2,2,2,1,1,1,1,2,2,1,2,2,1,1,1,2,1,2,2,2,2,1,2,2,1,1,1,2,2,1,2,1,NA,1,1,NA,NA,NA,NA,NA,NA,NA,NA,NA,"Home","2019-02-20",4,3,1,3,NA,4,3,2,2,1,1,3,NA,4,3,3,4,3,1,3,NA,2,2,4,4,3,2,2,NA,4,2,4,4,1,1,2,NA,3,4,3,18,11,6,13,NA,17,14,16,3.6,2.2,1.2,2.6,NA,3.4,2.8,3.2,5,0,0,5,0,0,5,0,0,5,0,0,5,5,100,5,0,0,5,0,0,5,0,0
"101","TAG169","W2 Home Qs - Current V1",2,2,1,1,1,2,1,2,2,2,1,1,2,1,2,1,1,1,1,1,2,2,2,2,1,1,2,2,1,2,2,2,2,1,1,2,2,1,2,2,1,1,2,2,2,2,1,2,2,1,2,2,2,1,2,2,1,1,2,2,2,2,1,2,1,2,1,2,NA,2,2,NA,NA,NA,NA,NA,NA,NA,NA,NA,"Home","2018-06-17",2,3,1,1,NA,1,3,1,1,1,4,1,NA,2,2,1,1,2,1,1,NA,1,2,1,1,2,1,1,NA,1,3,1,2,2,1,1,NA,2,3,1,7,10,8,5,NA,7,13,5,1.4,2,1.6,1,NA,1.4,2.6,1,5,0,0,5,0,0,5,0,0,5,0,0,5,5,100,5,0,0,5,0,0,5,0,0
"102","TAG173","W2 - Home Qs - Current V1 IN LAB",1,2,2,1,2,1,2,2,1,1,2,2,1,1,1,2,2,2,1,2,2,1,2,1,2,1,1,1,1,1,1,1,1,1,1,1,1,2,2,1,1,1,1,2,2,1,2,1,1,1,1,1,1,2,2,1,1,2,1,1,1,1,1,2,2,2,1,1,NA,1,1,NA,NA,NA,NA,NA,NA,NA,NA,NA,"Home","2018-10-23",4,3,2,2,NA,4,2,3,4,3,2,2,NA,4,3,4,3,3,3,2,NA,3,3,3,4,3,2,2,NA,3,2,3,4,2,3,3,NA,3,4,2,19,14,12,11,NA,17,14,15,3.8,2.8,2.4,2.2,NA,3.4,2.8,3,5,0,0,5,0,0,5,0,0,5,0,0,5,5,100,5,0,0,5,0,0,5,0,0
"103","TAG174","W2 - Home Qs - Current V1 IN LAB",2,2,1,1,1,1,1,2,1,1,1,1,1,2,1,1,1,1,2,1,1,1,1,1,2,1,1,1,1,1,1,1,1,1,1,2,2,2,2,2,1,1,2,1,2,2,2,2,2,2,1,2,1,1,1,1,1,1,2,1,1,1,2,2,2,1,2,1,NA,1,1,NA,NA,NA,NA,NA,NA,NA,NA,NA,"Home","2018-08-13",2,2,2,3,NA,4,3,2,1,3,3,3,NA,2,1,2,3,3,3,2,NA,3,3,1,4,2,1,4,NA,4,4,4,3,3,1,3,NA,4,4,3,13,13,10,15,NA,17,15,12,2.6,2.6,2,3,NA,3.4,3,2.4,5,0,0,5,0,0,5,0,0,5,0,0,5,5,100,5,0,0,5,0,0,5,0,0
"104","TAG176","W2 Home Qs - Current V1",1,2,1,2,2,2,2,2,1,1,1,2,2,2,2,2,2,2,2,2,2,1,2,2,2,2,1,2,2,2,1,2,1,2,2,1,2,2,2,1,2,2,2,1,1,2,2,2,2,2,1,2,1,2,1,2,2,2,2,1,2,1,2,2,2,1,2,2,NA,2,1,NA,NA,NA,NA,NA,NA,NA,NA,NA,"Home","2018-11-15",4,4,4,4,NA,4,4,4,4,3,4,4,NA,4,4,4,4,4,4,4,NA,4,4,4,4,4,4,4,NA,4,4,4,4,4,4,4,NA,4,4,4,20,19,20,20,NA,20,20,20,4,3.8,4,4,NA,4,4,4,5,0,0,5,0,0,5,0,0,5,0,0,5,5,100,5,0,0,5,0,0,5,0,0
"105","TAG177","W2 Home Qs - Current V1",2,2,1,1,1,1,1,2,1,2,2,1,2,1,2,1,2,2,1,2,1,1,2,1,2,2,2,2,1,2,1,1,1,2,2,1,1,2,2,1,1,1,2,2,2,2,1,1,2,2,2,2,1,2,2,2,2,1,2,2,2,2,1,1,1,2,1,2,NA,2,1,NA,NA,NA,NA,NA,NA,NA,NA,NA,"Home","2018-06-22",2,4,1,1,NA,4,3,2,1,4,1,1,NA,1,3,3,3,4,1,1,NA,3,4,3,4,3,1,1,NA,2,4,1,4,1,1,1,NA,2,2,1,14,16,5,5,NA,12,16,10,2.8,3.2,1,1,NA,2.4,3.2,2,5,0,0,5,0,0,5,0,0,5,0,0,5,5,100,5,0,0,5,0,0,5,0,0
"106","TAG179","W2 Home Qs - Current V1",2,2,1,2,1,1,1,2,2,2,2,1,2,1,1,2,2,2,2,2,2,2,2,1,2,2,2,2,1,1,1,1,1,2,2,1,2,1,2,2,1,1,1,2,2,2,2,2,2,2,1,2,2,1,2,1,2,1,2,2,2,1,2,2,2,2,1,2,NA,2,1,NA,NA,NA,NA,NA,NA,NA,NA,NA,"Home","2019-01-22",2,4,2,1,NA,4,4,2,1,1,1,2,NA,4,4,4,2,4,1,2,NA,3,4,4,1,2,2,1,NA,4,4,4,2,1,1,1,NA,4,4,1,8,12,7,7,NA,19,20,15,1.6,2.4,1.4,1.4,NA,3.8,4,3,5,0,0,5,0,0,5,0,0,5,0,0,5,5,100,5,0,0,5,0,0,5,0,0
"107","TAG180","W2 - Home Qs - Current V1 IN LAB",1,2,2,2,1,1,2,1,1,1,2,2,1,2,1,2,2,1,1,1,1,1,2,2,2,2,2,2,2,1,1,1,1,1,2,1,1,2,2,1,1,1,1,1,2,1,2,2,1,1,1,1,1,2,2,2,2,1,2,1,1,1,2,2,1,1,2,1,NA,1,1,NA,NA,NA,NA,NA,NA,NA,NA,NA,"Home","2018-12-08",4,3,1,3,NA,4,1,2,3,3,2,3,NA,4,2,2,4,4,1,3,NA,3,4,3,4,3,2,3,NA,4,2,3,4,1,1,3,NA,4,3,3,19,14,7,15,NA,19,12,13,3.8,2.8,1.4,3,NA,3.8,2.4,2.6,5,0,0,5,0,0,5,0,0,5,0,0,5,5,100,5,0,0,5,0,0,5,0,0
"108","TAG186","W2 Home Qs - Current V1",1,2,2,1,2,2,2,1,1,2,1,2,1,2,2,2,2,2,1,2,2,1,2,1,2,2,1,1,2,2,1,2,1,1,1,1,2,2,2,1,1,2,2,1,1,1,2,2,1,1,1,2,1,1,1,2,1,2,2,1,1,1,2,1,1,1,2,2,NA,2,1,NA,NA,NA,NA,NA,NA,NA,NA,NA,"Home","2018-11-04",4,3,4,4,NA,4,2,4,3,4,3,4,NA,4,3,4,3,4,3,4,NA,4,3,4,4,3,4,3,NA,4,2,4,3,3,4,3,NA,4,2,4,17,17,18,18,NA,20,12,20,3.4,3.4,3.6,3.6,NA,4,2.4,4,5,0,0,5,0,0,5,0,0,5,0,0,5,5,100,5,0,0,5,0,0,5,0,0
"109","TAG188","W2 Home Qs - Current V1",2,2,1,1,1,1,2,1,2,1,2,1,2,2,1,2,2,2,1,1,1,1,2,1,2,1,2,2,2,1,1,2,1,1,1,2,1,2,2,1,1,1,1,2,2,1,2,2,2,2,1,1,1,1,2,2,2,1,2,2,1,1,2,2,1,1,2,1,NA,1,1,NA,NA,NA,NA,NA,NA,NA,NA,NA,"Home","2019-03-12",2,3,1,3,NA,4,3,2,3,2,1,3,NA,4,3,2,3,3,1,3,NA,4,3,2,4,3,2,2,NA,4,4,3,3,1,1,2,NA,4,3,3,15,12,6,13,NA,20,16,12,3,2.4,1.2,2.6,NA,4,3.2,2.4,5,0,0,5,0,0,5,0,0,5,0,0,5,5,100,5,0,0,5,0,0,5,0,0
"110","TAG190","W2 Home Qs - Current V1",2,1,1,1,2,2,2,1,1,2,2,1,2,2,1,2,2,2,2,2,2,2,2,1,2,1,2,2,2,1,1,2,1,1,2,1,2,2,1,1,1,1,1,1,2,1,1,1,2,2,1,2,2,1,2,2,2,1,2,1,1,2,1,2,2,1,2,2,NA,1,1,NA,NA,NA,NA,NA,NA,NA,NA,NA,"Home","2018-12-13",2,3,1,3,NA,3,3,4,3,4,1,3,NA,4,4,4,2,3,1,3,NA,4,4,4,3,3,2,3,NA,2,4,4,2,1,1,3,NA,2,4,4,12,14,6,15,NA,15,19,20,2.4,2.8,1.2,3,NA,3,3.8,4,5,0,0,5,0,0,5,0,0,5,0,0,5,5,100,5,0,0,5,0,0,5,0,0
"111","TAG192","W2 Home Qs - Current V1",1,2,1,2,2,1,1,1,1,2,1,2,2,2,2,2,2,2,2,2,2,1,2,2,2,1,1,2,2,2,1,1,1,2,2,1,1,1,2,1,1,2,1,1,1,2,2,2,2,2,1,1,2,2,1,2,2,2,2,1,2,1,2,2,2,1,2,1,NA,2,2,NA,NA,NA,NA,NA,NA,NA,NA,NA,"Home","2018-09-03",4,4,4,4,NA,1,4,3,2,4,4,4,NA,4,4,4,4,3,4,4,NA,3,4,3,1,3,3,4,NA,4,4,3,1,4,4,4,NA,4,4,3,12,18,19,20,NA,16,20,16,2.4,3.6,3.8,4,NA,3.2,4,3.2,5,0,0,5,0,0,5,0,0,5,0,0,5,5,100,5,0,0,5,0,0,5,0,0
"112","TAG194","W2 Home Qs - Current V1",2,1,1,2,2,2,1,2,2,1,1,1,1,2,2,2,2,2,2,2,2,2,2,1,2,1,2,2,2,2,1,2,1,2,2,1,2,1,1,1,2,1,1,1,2,1,2,2,2,2,1,2,2,1,2,2,1,1,1,1,2,1,1,2,2,1,2,2,NA,2,1,NA,NA,NA,NA,NA,NA,NA,NA,NA,"Home","2018-08-14",2,4,1,4,NA,3,4,4,1,2,3,4,NA,4,4,4,2,3,1,4,NA,4,4,4,2,4,2,3,NA,4,4,4,2,2,2,4,NA,3,4,4,9,15,9,19,NA,18,20,20,1.8,3,1.8,3.8,NA,3.6,4,4,5,0,0,5,0,0,5,0,0,5,0,0,5,5,100,5,0,0,5,0,0,5,0,0
"113","TAG200","W2 Home Qs - Current V1",2,2,1,2,2,2,1,2,1,2,1,1,2,2,2,2,2,2,2,2,2,2,2,1,2,2,1,2,1,1,1,2,1,2,2,1,2,1,2,1,2,2,2,2,1,2,2,2,2,2,1,2,1,2,1,2,2,2,2,2,2,1,2,1,2,1,1,1,NA,2,1,NA,NA,NA,NA,NA,NA,NA,NA,NA,"Home","2019-03-19",2,4,4,1,NA,4,4,4,1,4,4,4,NA,4,4,4,2,4,4,2,NA,4,4,4,1,4,4,1,NA,4,4,4,4,4,4,1,NA,4,1,3,10,20,20,9,NA,20,17,19,2,4,4,1.8,NA,4,3.4,3.8,5,0,0,5,0,0,5,0,0,5,0,0,5,5,100,5,0,0,5,0,0,5,0,0
"114","TAG202","W2 Home Qs - Current V1",1,2,1,2,2,1,1,1,1,1,2,1,1,2,1,2,2,2,2,2,1,1,2,1,2,1,1,1,2,1,1,2,1,1,2,1,1,2,1,1,1,1,2,1,1,1,2,2,2,1,1,1,1,1,1,1,1,2,2,1,1,1,2,2,1,1,2,1,NA,1,1,NA,NA,NA,NA,NA,NA,NA,NA,NA,"Home","2018-10-22",3,3,3,3,NA,4,4,3,2,3,2,3,NA,4,4,3,3,3,3,3,NA,4,4,3,3,3,1,3,NA,4,3,3,3,3,4,3,NA,4,3,3,14,15,13,15,NA,20,18,15,2.8,3,2.6,3,NA,4,3.6,3,5,0,0,5,0,0,5,0,0,5,0,0,5,5,100,5,0,0,5,0,0,5,0,0
"115","TAG203","W2 - Home Qs - Current V2 IN LAB",1,2,1,2,2,1,2,2,1,2,1,2,1,2,1,2,2,2,2,2,2,1,2,2,2,2,1,1,2,1,1,2,1,2,2,1,2,2,2,1,2,2,1,1,1,1,2,2,2,2,1,2,1,2,1,2,1,2,2,1,1,1,2,2,2,1,2,2,NA,1,1,NA,NA,NA,NA,NA,NA,NA,NA,NA,"Home","2019-08-09",4,4,4,3,NA,4,4,3,4,4,3,3,NA,4,4,4,4,4,3,3,NA,4,4,4,4,4,3,3,NA,4,4,4,4,3,4,3,NA,4,4,4,20,19,17,15,NA,20,20,19,4,3.8,3.4,3,NA,4,4,3.8,5,0,0,5,0,0,5,0,0,5,0,0,5,5,100,5,0,0,5,0,0,5,0,0
"116","TAG205","W2 Home Qs - Current V1",1,1,1,1,2,1,2,1,1,1,2,1,1,1,2,2,1,2,2,2,1,1,1,1,2,1,1,1,1,2,1,1,1,1,1,1,1,1,1,1,1,1,2,2,1,1,1,1,2,2,1,1,1,1,1,1,1,2,1,1,1,1,1,1,1,1,1,1,NA,2,1,NA,NA,NA,NA,NA,NA,NA,NA,NA,"Home","2018-11-03",3,2,3,1,NA,3,3,3,3,3,2,1,NA,3,4,3,3,3,3,1,NA,3,3,3,2,3,1,2,NA,2,4,3,3,3,3,3,NA,3,2,3,14,14,12,8,NA,14,16,15,2.8,2.8,2.4,1.6,NA,2.8,3.2,3,5,0,0,5,0,0,5,0,0,5,0,0,5,5,100,5,0,0,5,0,0,5,0,0
"117","TAG206","W2 Home Qs - Current V1",1,2,1,2,2,2,1,1,1,1,1,1,2,2,2,2,2,2,2,2,2,1,2,2,2,2,1,2,2,2,1,2,1,1,2,1,1,2,2,1,2,2,2,1,1,1,2,2,2,2,1,2,1,2,2,1,1,2,2,1,2,1,2,2,2,1,2,2,NA,2,1,NA,NA,NA,NA,NA,NA,NA,NA,NA,"Home","2019-04-13",3,3,3,4,NA,4,4,4,2,3,4,4,NA,4,4,4,4,4,4,4,NA,4,4,3,4,4,4,3,NA,4,4,4,4,2,4,4,NA,4,4,4,17,16,19,19,NA,20,20,19,3.4,3.2,3.8,3.8,NA,4,4,3.8,5,0,0,5,0,0,5,0,0,5,0,0,5,5,100,5,0,0,5,0,0,5,0,0
"118","TAG207","W2 Home Qs - Current V1",1,2,1,2,1,1,2,1,1,1,1,2,1,1,2,2,2,2,2,2,1,1,2,2,2,2,1,1,1,2,1,2,1,2,2,1,2,2,2,1,2,2,1,2,1,1,2,2,2,2,1,2,1,1,1,1,1,2,2,1,1,1,2,2,2,1,1,2,NA,2,1,NA,NA,NA,NA,NA,NA,NA,NA,NA,"Home","2018-10-13",4,4,3,1,NA,4,4,2,3,3,3,1,NA,4,4,3,4,4,3,1,NA,4,4,4,4,4,3,2,NA,4,4,4,3,3,4,3,NA,4,4,4,18,18,16,8,NA,20,20,17,3.6,3.6,3.2,1.6,NA,4,4,3.4,5,0,0,5,0,0,5,0,0,5,0,0,5,5,100,5,0,0,5,0,0,5,0,0
"119","TAG208","W2 Home Qs - Current V1",2,2,1,1,1,1,2,1,1,1,2,1,1,2,1,2,2,2,1,2,1,1,2,1,2,1,2,1,1,1,1,1,1,1,1,1,2,2,1,1,1,2,1,2,2,1,2,2,2,1,1,1,1,1,1,1,1,2,1,1,1,1,1,2,1,1,2,1,NA,1,1,NA,NA,NA,NA,NA,NA,NA,NA,NA,"Home","2018-11-08",2,3,2,3,NA,4,3,2,3,3,2,3,NA,4,3,3,3,3,2,2,NA,3,3,4,3,3,3,2,NA,4,3,3,3,3,3,3,NA,3,3,3,14,15,12,13,NA,18,15,15,2.8,3,2.4,2.6,NA,3.6,3,3,5,0,0,5,0,0,5,0,0,5,0,0,5,5,100,5,0,0,5,0,0,5,0,0
"120","TAG209","W2 - Home Qs - Current V1 IN LAB",2,1,2,1,1,2,1,1,2,2,2,2,2,1,2,2,1,2,1,1,2,2,1,1,2,1,2,2,1,2,1,1,1,2,1,2,1,1,1,2,2,1,2,2,2,2,2,2,1,1,1,1,2,2,2,2,2,1,2,2,2,1,2,2,1,2,1,1,NA,2,1,NA,NA,NA,NA,NA,NA,NA,NA,NA,"Home","2018-09-27",1,1,1,1,NA,3,2,1,2,1,1,1,NA,3,3,1,2,3,1,1,NA,3,3,2,2,1,1,1,NA,4,2,3,1,1,1,1,NA,4,3,2,8,7,5,5,NA,17,13,9,1.6,1.4,1,1,NA,3.4,2.6,1.8,5,0,0,5,0,0,5,0,0,5,0,0,5,5,100,5,0,0,5,0,0,5,0,0
"121","TAG210","W2 - Home Qs - Current V1 IN LAB",2,1,1,2,2,1,2,1,1,1,2,1,1,1,1,2,2,2,2,2,1,1,2,2,2,1,2,1,2,1,1,1,1,1,1,1,1,2,1,1,1,2,1,2,2,1,2,1,2,1,1,1,1,1,2,1,1,1,1,1,1,1,1,2,1,1,2,2,NA,1,1,NA,NA,NA,NA,NA,NA,NA,NA,NA,"Home","2018-08-08",2,3,2,3,NA,3,4,3,3,3,2,2,NA,4,4,3,4,3,2,3,NA,3,3,3,3,3,3,2,NA,3,3,3,3,2,2,3,NA,3,3,4,15,14,11,13,NA,16,17,16,3,2.8,2.2,2.6,NA,3.2,3.4,3.2,5,0,0,5,0,0,5,0,0,5,0,0,5,5,100,5,0,0,5,0,0,5,0,0
"122","TAG211","W2 Home Qs - Current V1",1,2,1,2,1,1,1,1,2,2,2,1,2,1,2,2,2,2,2,2,2,1,1,2,1,2,2,2,1,2,1,2,1,2,2,1,2,1,1,1,2,1,2,2,2,2,1,2,2,2,2,2,2,2,2,1,2,1,2,2,2,1,2,2,2,2,1,2,NA,2,1,NA,NA,NA,NA,NA,NA,NA,NA,NA,"Home","2018-09-29",3,1,2,1,NA,4,4,2,2,1,1,1,NA,4,4,4,4,1,1,1,NA,4,4,4,2,4,1,1,NA,1,4,1,1,1,1,1,NA,4,4,1,12,8,6,5,NA,17,20,12,2.4,1.6,1.2,1,NA,3.4,4,2.4,5,0,0,5,0,0,5,0,0,5,0,0,5,5,100,5,0,0,5,0,0,5,0,0
"123","TAG218","W2 Home Qs - Current V1",1,2,1,2,2,1,2,1,1,1,1,2,2,2,2,2,2,2,2,2,2,1,2,2,2,2,1,1,2,2,1,1,1,2,2,1,2,2,1,1,2,2,2,1,1,1,2,2,2,2,1,2,1,1,2,1,1,2,1,1,1,1,2,2,2,1,2,2,NA,2,1,NA,NA,NA,NA,NA,NA,NA,NA,NA,"Home","2019-05-28",4,4,3,4,NA,4,4,3,3,3,4,4,NA,4,4,4,4,4,3,4,NA,3,4,4,3,4,4,3,NA,4,4,4,3,2,3,3,NA,4,4,4,17,17,17,18,NA,19,20,19,3.4,3.4,3.4,3.6,NA,3.8,4,3.8,5,0,0,5,0,0,5,0,0,5,0,0,5,5,100,5,0,0,5,0,0,5,0,0
"124","TAG220","W2 Home Qs - Current V1",2,2,1,1,1,2,2,2,1,2,2,1,2,2,2,2,2,2,2,2,1,1,2,2,2,1,2,2,2,1,1,1,1,2,2,1,1,2,2,1,1,1,1,2,2,1,2,2,2,2,1,2,2,1,1,2,1,1,2,1,1,1,2,2,2,1,2,2,NA,1,1,NA,NA,NA,NA,NA,NA,NA,NA,NA,"Home","2018-11-30",2,4,1,3,NA,4,3,1,4,4,1,4,NA,4,4,3,4,3,1,3,NA,3,4,3,4,3,2,2,NA,4,4,4,2,3,1,3,NA,4,4,4,16,17,6,15,NA,19,19,15,3.2,3.4,1.2,3,NA,3.8,3.8,3,5,0,0,5,0,0,5,0,0,5,0,0,5,5,100,5,0,0,5,0,0,5,0,0
"125","TAG223","W2 Home Qs - Current V1",1,2,1,2,2,2,1,2,1,1,1,2,2,2,2,2,2,1,2,2,2,1,2,2,2,2,1,1,2,2,1,1,1,2,2,1,2,2,1,1,2,2,2,1,1,2,2,2,2,2,1,2,1,2,1,2,2,2,2,1,1,1,2,2,2,1,2,2,NA,2,1,NA,NA,NA,NA,NA,NA,NA,NA,NA,"Home","2019-04-19",4,4,4,4,NA,4,4,4,1,3,4,4,NA,4,1,4,4,4,3,4,NA,3,4,4,3,4,4,4,NA,4,4,4,4,4,4,3,NA,4,4,4,16,19,19,19,NA,19,17,20,3.2,3.8,3.8,3.8,NA,3.8,3.4,4,5,0,0,5,0,0,5,0,0,5,0,0,5,5,100,5,0,0,5,0,0,5,0,0
"126","TAG224","W2 Home Qs - Current V1",2,2,2,1,2,1,1,1,2,2,2,1,2,1,1,2,2,1,1,2,2,2,1,1,1,2,2,2,1,1,1,2,1,2,1,1,2,1,1,1,1,1,2,2,2,1,2,2,1,1,1,2,2,1,2,1,2,1,1,2,1,1,2,1,1,1,1,1,NA,1,1,NA,NA,NA,NA,NA,NA,NA,NA,NA,"Home","2019-02-15",2,1,2,2,NA,4,2,3,2,1,1,2,NA,4,2,4,2,1,1,2,NA,4,3,4,2,3,1,2,NA,4,2,4,2,1,2,2,NA,4,2,3,10,7,7,10,NA,20,11,18,2,1.4,1.4,2,NA,4,2.2,3.6,5,0,0,5,0,0,5,0,0,5,0,0,5,5,100,5,0,0,5,0,0,5,0,0
"127","TAG225","W2 Home Qs - Current V2",2,2,2,2,2,1,1,1,2,2,2,1,2,2,1,2,2,1,1,1,1,2,1,1,1,2,2,1,1,1,1,1,2,2,1,2,1,1,1,2,2,1,1,2,2,1,1,1,1,1,1,2,2,1,2,1,1,1,1,2,1,1,1,1,1,2,1,1,NA,1,1,NA,NA,NA,NA,NA,NA,NA,NA,NA,"Home","2019-06-13",2,1,2,2,NA,4,1,3,2,1,1,3,NA,4,2,2,2,1,2,2,NA,3,2,2,2,1,2,2,NA,2,2,4,2,2,2,2,NA,3,2,2,10,6,9,11,NA,16,9,13,2,1.2,1.8,2.2,NA,3.2,1.8,2.6,5,0,0,5,0,0,5,0,0,5,0,0,5,5,100,5,0,0,5,0,0,5,0,0
"128","TAG232","W2 Home Qs - Current V2",2,1,1,1,1,1,1,1,2,1,2,1,2,1,1,2,2,1,1,2,2,1,2,1,2,1,2,1,1,1,1,1,1,1,1,1,1,2,1,2,1,1,2,2,2,1,2,2,1,1,1,1,1,1,2,2,2,1,1,2,1,1,2,1,1,1,1,1,NA,1,1,NA,NA,NA,NA,NA,NA,NA,NA,NA,"Home","2019-10-18",2,3,1,2,NA,3,3,2,2,2,1,2,NA,4,2,4,3,3,2,2,NA,3,3,3,3,2,1,2,NA,4,2,3,3,1,2,2,NA,4,2,3,13,11,7,10,NA,18,12,15,2.6,2.2,1.4,2,NA,3.6,2.4,3,5,0,0,5,0,0,5,0,0,5,0,0,5,5,100,5,0,0,5,0,0,5,0,0
"129","TAG238","W2 Home Qs - Current V2",1,1,2,2,2,1,2,2,2,1,1,2,1,1,1,1,2,1,2,2,1,2,1,1,1,1,1,1,2,2,2,2,1,1,1,1,1,1,2,1,1,1,1,1,2,2,1,1,1,2,1,1,1,2,2,2,1,2,2,1,2,1,1,1,1,2,2,1,NA,2,1,NA,NA,NA,NA,NA,NA,NA,NA,NA,"Home","2019-08-01",4,2,1,4,NA,3,1,3,4,2,3,2,NA,1,1,3,2,2,3,4,NA,1,3,3,1,3,2,4,NA,2,1,3,4,2,4,4,NA,3,2,2,15,11,13,18,NA,10,8,14,3,2.2,2.6,3.6,NA,2,1.6,2.8,5,0,0,5,0,0,5,0,0,5,0,0,5,5,100,5,0,0,5,0,0,5,0,0
"130","TAG243","W2 Home Qs - Current V2",1,2,1,2,1,1,2,2,1,2,2,2,1,1,2,2,2,2,2,2,2,1,2,2,2,2,1,2,1,2,1,2,1,2,2,1,1,2,2,1,2,2,1,1,1,1,2,2,2,2,1,2,1,2,2,1,1,2,2,2,1,1,2,2,2,2,2,1,NA,1,1,NA,NA,NA,NA,NA,NA,NA,NA,NA,"Home","2019-07-22",4,4,3,3,NA,4,4,2,4,4,2,1,NA,4,4,4,4,4,4,1,NA,4,4,3,4,4,3,3,NA,4,4,4,4,2,4,2,NA,4,4,2,20,18,16,10,NA,20,20,15,4,3.6,3.2,2,NA,4,4,3,5,0,0,5,0,0,5,0,0,5,0,0,5,5,100,5,0,0,5,0,0,5,0,0
"131","TAG247","W2 Home Qs - Current V2",2,1,2,2,2,1,1,1,2,1,2,1,1,2,2,2,1,2,1,2,2,1,1,1,2,1,1,1,2,2,1,1,2,2,1,1,2,2,1,2,1,2,1,1,1,1,1,1,1,2,1,2,1,1,2,2,2,2,1,1,1,1,2,1,1,1,2,2,NA,2,1,NA,NA,NA,NA,NA,NA,NA,NA,NA,"Home","2019-07-28",2,1,4,4,NA,3,1,3,2,2,2,4,NA,3,3,4,3,3,3,4,NA,3,2,4,3,2,3,3,NA,2,1,4,3,1,3,3,NA,4,2,4,13,9,15,18,NA,15,9,19,2.6,1.8,3,3.6,NA,3,1.8,3.8,5,0,0,5,0,0,5,0,0,5,0,0,5,5,100,5,0,0,5,0,0,5,0,0
"132","TAG250","W2 Home Qs - Current V2",1,1,1,2,2,1,2,1,1,1,2,2,2,2,2,2,1,2,2,2,2,1,2,2,2,1,2,1,2,2,1,1,1,2,1,1,2,2,1,1,1,1,1,1,1,1,1,1,2,1,1,2,1,1,2,1,1,2,2,1,2,1,1,2,2,1,2,2,NA,2,1,NA,NA,NA,NA,NA,NA,NA,NA,NA,"Home","2019-06-12",4,4,3,4,NA,3,4,3,3,3,1,4,NA,3,4,4,4,3,2,4,NA,3,3,4,3,3,2,3,NA,2,3,4,3,2,4,4,NA,3,4,4,17,15,12,19,NA,14,18,19,3.4,3,2.4,3.8,NA,2.8,3.6,3.8,5,0,0,5,0,0,5,0,0,5,0,0,5,5,100,5,0,0,5,0,0,5,0,0
"133","TAG252","W2 Home Qs - Current V2",1,2,2,1,2,2,2,2,1,2,1,1,1,2,2,1,1,1,1,2,2,1,2,2,2,2,2,1,2,2,1,1,1,1,2,1,2,2,2,1,2,2,1,1,2,2,2,1,1,1,1,2,1,2,2,1,1,2,1,1,2,1,1,1,1,1,2,2,NA,2,1,NA,NA,NA,NA,NA,NA,NA,NA,NA,"Home","2019-08-13",3,3,2,4,NA,4,2,4,4,4,3,4,NA,2,2,4,4,4,2,4,NA,3,4,4,4,4,3,4,NA,3,2,4,4,2,3,4,NA,3,2,4,19,17,13,20,NA,15,12,20,3.8,3.4,2.6,4,NA,3,2.4,4,5,0,0,5,0,0,5,0,0,5,0,0,5,5,100,5,0,0,5,0,0,5,0,0
"134","TAG257","W2 Home Qs - Current V2",2,2,1,2,1,2,1,1,1,2,1,1,1,2,2,1,1,2,2,2,2,1,1,2,1,2,2,2,1,2,2,2,2,1,1,1,1,1,1,1,2,1,1,1,1,2,1,1,1,1,2,1,1,1,1,1,2,1,2,2,2,1,1,1,1,1,2,1,NA,2,2,NA,NA,NA,NA,NA,NA,NA,NA,NA,"Home","2019-10-05",2,2,3,4,NA,1,4,1,2,4,3,4,NA,2,4,4,4,1,1,1,NA,1,2,3,2,4,2,4,NA,2,2,2,3,4,1,1,NA,3,2,3,13,15,10,14,NA,9,14,13,2.6,3,2,2.8,NA,1.8,2.8,2.6,5,0,0,5,0,0,5,0,0,5,0,0,5,5,100,5,0,0,5,0,0,5,0,0
"135","TAG261","W2 Home Qs - Current V2",1,1,1,1,2,1,2,1,2,2,2,1,2,2,1,2,2,1,1,2,1,1,1,2,1,2,2,2,2,2,2,2,2,2,2,1,2,2,2,2,2,1,2,1,2,1,2,2,1,2,1,1,1,1,2,2,1,1,2,1,2,1,2,1,2,1,2,2,NA,2,2,NA,NA,NA,NA,NA,NA,NA,NA,NA,"Home","2019-09-14",3,1,1,4,NA,2,3,3,3,1,1,3,NA,4,2,3,4,1,1,4,NA,1,1,4,4,1,1,3,NA,4,1,3,3,2,1,4,NA,4,1,4,17,6,5,18,NA,15,8,17,3.4,1.2,1,3.6,NA,3,1.6,3.4,5,0,0,5,0,0,5,0,0,5,0,0,5,5,100,5,0,0,5,0,0,5,0,0
"136","TAG266","W2 Home Qs - Current V2",1,2,1,2,2,2,2,1,1,2,1,1,2,2,2,2,2,2,2,2,2,1,2,2,2,2,1,2,2,2,1,2,1,2,2,1,2,1,1,1,2,2,2,1,1,2,2,2,2,2,1,2,1,2,1,2,2,2,2,1,2,1,2,2,2,1,2,2,NA,2,1,NA,NA,NA,NA,NA,NA,NA,NA,NA,"Home","2019-09-17",3,4,4,4,NA,4,4,4,3,4,4,4,NA,4,4,4,4,4,4,4,NA,4,4,4,2,4,4,4,NA,4,4,4,4,4,4,4,NA,4,4,4,16,20,20,20,NA,20,20,20,3.2,4,4,4,NA,4,4,4,5,0,0,5,0,0,5,0,0,5,0,0,5,5,100,5,0,0,5,0,0,5,0,0
